,Source,Target,Weight
1,researcher,devised,1
2,researcher,collaborative,1
3,researcher,interviewing,1
4,devised,practice,1
5,practice,inquiry,3
6,profile,inquiry,1
7,profile,regard,1
8,inquiry,process,7
9,caseybruce2011,caseyetal2009,1
10,caseyetal2009,basedon,1
11,basedon,observation,5
12,element,inquiry,2
13,element,marked,2
14,cycle,way,2
15,add,second,2
16,rating,participate,1
17,rating,stir,1
18,participate,model,4
19,print,literacy,1
20,print,plan,1
21,print,introduce,1
22,print,fingerprint,1
23,literacy,activity,2
24,use,science,4
25,digital,image,3
26,media,use,1
27,media,digital,1
28,media,propose,1
29,media,include,1
30,propose,tool,1
31,propose,child,1
32,tool,use,6
33,help,child,6
34,teacher,ask,9
35,plan,activity,4
36,project,teacher,2
37,project,spans,2
38,project,every,2
39,activity,child,5
40,optimize,learn,1
41,learn,activity,4
42,see,figure,5
43,table,1,4
44,2,picture,2
45,regard,time,2
46,matrix,question,1
47,question,teacher,3
48,question,make,3
49,question,collect,3
50,encourage,child,2
51,map,anticipated,1
52,map,science,1
53,map,outdoor,1
54,anticipated,activity,1
55,group,discuss,5
56,work,pairs,3
57,text,show,3
58,way,practice,2
59,way,home,2
60,constant,emphasize,1
61,constant,range,1
62,emphasize,question,1
63,emphasize,class,1
64,emphasize,support,1
65,emphasize,concept,1
66,emphasize,provide,1
67,emphasize,throughout,1
68,emphasize,might,1
69,emphasize,curriculum,1
70,emphasize,metacognition,1
71,situation,child,2
72,maintained,ibse,1
73,ibse,baseline,2
74,five,constitute,1
75,five,halfhourlong,1
76,constitute,element,1
77,constitute,early,1
78,constitute,core,1
79,ask,question,9
80,investigate,water,3
81,create,nest,2
82,create,explanation,2
83,discuss,reflect,2
84,discuss,model,2
85,discuss,student,2
86,discuss,lesson,2
87,reflect,upon,2
88,enable,sustained,1
89,enable,illustrate,1
90,enable,child,1
91,enable,observe,1
92,enable,explore,1
93,enable,compare,1
94,enable,framework,1
95,enable,construct,1
96,sustained,participate,1
97,sustained,enriched,1
98,enriched,range,1
99,range,inquiry,1
100,range,plan,1
101,range,experiment,1
102,range,possible,1
103,range,25,1
104,confined,illustrate,1
105,illustrate,child,2
106,surface,deep,1
107,surface,tension,1
108,deep,structure,2
109,implicit,dimension,1
110,implicit,structure,1
111,implicit,think,1
112,dimension,pedagogy,2
113,pedagogy,documents,2
114,gleaned,observational,1
115,observational,data,1
116,observational,environment,1
117,data,observe,7
118,achieve,authors,1
119,authors,present,1
120,authors,argue,1
121,present,table,2
122,redacted,research,1
123,research,question,2
124,field,note,1
125,field,experience,1
126,field,trip,1
127,note,one,1
128,note,made,1
129,note,taker,1
130,note,whether,1
131,note,outdoor,1
132,one,child,3
133,case,child,2
134,study,seed,3
135,titled,make,1
136,make,infer,10
137,banana,split,6
138,split,teacher,1
139,split,case,1
140,split,class,1
141,split,begin,1
142,split,pupils,1
143,split,maker,1
144,split,two,1
145,describe_ption,one,2
146,describe_ption,task,2
147,describe_ption,pattern,2
148,involve,teacher,1
149,involve,class,1
150,involve,follow,1
151,involve,structure,1
152,involve,instruct_guide,1
153,involve,vocally,1
154,class,use,4
155,23,boy,1
156,boy,see,1
157,boy,8,1
158,boy,show,1
159,boy,follow,1
160,boy,made,1
161,boy,say,1
162,boy,notice,1
163,boy,urban,1
164,boy,10,1
165,8,tool,1
166,8,boy,1
167,8,9,1
168,8,child,1
169,8,repetition,1
170,8,degree,1
171,9,tool,1
172,9,yearolds,1
173,9,however,1
174,yearolds,taught,1
175,taught,lesson,2
176,recently,qualified,1
177,qualified,female,1
178,female,teacher,1
179,female,large,1
180,female,highest,1
181,aid,make,1
182,aid,special,1
183,special,resource,1
184,resource,use,1
185,resource,teacher,1
186,resource,develop,1
187,resource,display,1
188,resource,independent,1
189,resource,information,1
190,spans,three,1
191,spans,5,1
192,spans,time,1
193,three,different,7
194,week,teacher,2
195,week,study_teacher,2
196,state,problem,2
197,aim,create,2
198,product,question,1
199,product,discuss,1
200,product,audiovisual,1
201,product,collective,1
202,product,desired,1
203,product,slowmation,1
204,product,responses,1
205,audiovisual,slide,1
206,slide,show,2
207,show,picture,16
208,begin,teacher,1
209,begin,learn,1
210,begin,class,1
211,begin,model,1
212,begin,student,1
213,begin,develop,1
214,begin,reason,1
215,begin,lesson,1
216,begin,curriculum,1
217,begin,soliciting,1
218,begin,press,1
219,begin,animal,1
220,begin,midpoint,1
221,begin,disintegrate,1
222,pupils,learn,2
223,ingredient,need,1
224,ingredient,science,1
225,need,plant,8
226,review,key,1
227,review,collect,1
228,key,idea,3
229,vocabulary,see,1
230,vocabulary,begin,1
231,vocabulary,need,1
232,vocabulary,word,1
233,vocabulary,science,1
234,vocabulary,meaning,1
235,word,digital,1
236,word,cards,1
237,word,photosynthesis,1
238,word,reproduced,1
239,cards,help,1
240,cards,number,1
241,cards,represent,1
242,follow,teacher,2
243,follow,1,2
244,phase,2,3
245,recipe,pupils,1
246,picture,use,3
247,picture,child,3
248,picture,1,3
249,made,observation,3
250,made,predict,3
251,made,possible,3
252,assign,role,1
253,role,adult,2
254,taker,picture,1
255,maker,complete,1
256,complete,task,2
257,much,fun,1
258,much,potential,1
259,much,large,1
260,much,two,1
261,much,shaving,1
262,fun,eat,1
263,fun,child,1
264,eat,finished,1
265,eat,day,1
266,eat,think,1
267,eat,explore,1
268,eat,seed,1
269,eat,provide,1
270,eat,bird,1
271,eat,studychild,1
272,eat,food,1
273,eat,explanation,1
274,eat,b,1
275,eat,greens,1
276,finished,teacher,2
277,story,picture,1
278,story,software,1
279,story,child,1
280,software,make,1
281,process,skill,8
282,order,help,1
283,order,plan,1
284,order,learn,1
285,order,picture,1
286,order,support,1
287,order,category_classify,1
288,order,box,1
289,order,appreciate,1
290,order,impact,1
291,transition,effect,1
292,transition,explore,1
293,transition,next,1
294,transition,formal,1
295,effect,image,1
296,effect,ability,1
297,effect,child,1
298,effect,strategy,1
299,effect,object,1
300,effect,change,1
301,effect,environment,1
302,effect,curriculum,1
303,effect,without,1
304,effect,electric,1
305,image,add,1
306,image,draw,1
307,image,scientist,1
308,image,take,1
309,image,capture,1
310,image,sound,1
311,image,amazon,1
312,background,music,2
313,music,present,2
314,support,child,3
315,suitable,material,2
316,suitable,suggestions,2
317,suitable,suggestion,2
318,get,energy,6
319,choice,use,2
320,choice,suitable,2
321,choice,topic,2
322,choice,suggestions,2
323,piece,paper,2
324,four,lesson,4
325,movie,water,4
326,showcase,school,1
327,school,2,2
328,school,science,2
329,school,year,2
330,structure,inquiry,2
331,structure,investigate,2
332,whereby,pupils,1
333,whereby,interactants,1
334,design,principle,3
335,control,experiment,2
336,conditions,inquiry,1
337,conditions,implement,1
338,conditions,silence,1
339,leaving,unsupported,1
340,leaving,evidence,1
341,leaving,little,1
342,leaving,trace,1
343,leaving,behind,1
344,unsupported,pupils,1
345,ability,draw,1
346,ability,understand,1
347,ability,reason,1
348,ability,consider,1
349,ability,express,1
350,draw,observation,11
351,upon,learn,1
352,upon,way,1
353,upon,manage,1
354,upon,kind,1
355,upon,communicate,1
356,manage,instruct_guide,1
357,manage,classroom,1
358,instruct_guide,taught,1
359,instruct_guide,draw,1
360,instruct_guide,natural,1
361,instruct_guide,guide,1
362,instruct_guide,model,1
363,instruct_guide,child,1
364,instruct_guide,will,1
365,instruct_guide,built,1
366,instruct_guide,inventive,1
367,natural,design,2
368,natural,world,2
369,impuls,toward,1
370,toward,project,1
371,toward,learn,1
372,toward,piece,1
373,toward,include,1
374,toward,initial,1
375,toward,depict,1
376,goal,activity,2
377,often,teacher,1
378,often,learn,1
379,often,see,1
380,often,scaffold,1
381,guide,inquiry,3
382,classroom,teacher,2
383,classroom,activity,2
384,sometimes,seek,1
385,sometimes,will,1
386,sometimes,read,1
387,sometimes,live_habitat,1
388,sometimes,mathematical,1
389,sometimes,return,1
390,sometimes,capricious,1
391,seek,arouse,1
392,arouse,interest,1
393,interest,science,2
394,interest,frame,2
395,times,encourage,1
396,times,specify,1
397,specify,activity,1
398,specify,individual,1
399,individual,inquiry,1
400,individual,role,1
401,individual,stage,1
402,individual,nest,1
403,within,group,2
404,within,classroom,2
405,still,times,1
406,still,think,1
407,still,misconceptions,1
408,still,curious,1
409,still,play,1
410,function,tool,2
411,model,concept,2
412,model,skill,2
413,scaffold,child,4
414,collaborative,classroom,1
415,collaborative,task,1
416,collaborative,student,1
417,collaborative,try,1
418,collaborative,interpret,1
419,collaborative,orient,1
420,collaborative,coconstruct,1
421,collaborative,disposition,1
422,task,student,5
423,per,class,4
424,se,final,1
425,se,construct,1
426,final,activity,1
427,final,get,1
428,final,draw,1
429,final,end,1
430,final,lesson,1
431,end,lesson,2
432,student,draw,13
433,participant,teacher,1
434,participant,ask,1
435,participant,conceiving,1
436,participant,understand,1
437,participant,science,1
438,participant,two,1
439,conceiving,learn,1
440,social,unit,2
441,value,perspective,1
442,value,child,1
443,value,adapt,1
444,value,take,1
445,value,broad,1
446,value,problemsolving,1
447,perspective,contribute,1
448,perspective,misconception,1
449,perspective,capitalize,1
450,contribute,others,1
451,contribute,object,1
452,others,made,1
453,others,write,1
454,others,share,1
455,others,nsta2004,1
456,others,pose,1
457,primary,school,4
458,education,science,2
459,learner,world,1
460,learner,science,1
461,learner,program,1
462,world,around,2
463,opportunity,child,2
464,ahead,signature,1
465,signature,pedagogy,2
466,sharply,define,1
467,define,instead,1
468,define,hypothesis,1
469,define,example,1
470,define,problem,1
471,instead,need,1
472,set,activity,2
473,concept,understand,7
474,openended,question,2
475,openended,investigate,2
476,argue,inquiry,1
477,argue,crucial,1
478,general,state,1
479,general,education,1
480,general,change,1
481,general,share,1
482,general,believe,1
483,general,accepted,1
484,indeed,child,1
485,child,engage,11
486,develop,question,2
487,develop,concept,2
488,develop,understand,2
489,develop,science,2
490,develop,creative,2
491,understand,science,7
492,experience,child,2
493,experience,lpp,2
494,appropriate,practice,1
495,appropriate,tool,1
496,appropriate,three,1
497,appropriate,science,1
498,appropriate,equipment,1
499,science,inquiry,14
500,reason,decision,2
501,cause,effect,1
502,cause,skill,1
503,cause,relation,1
504,consider,puzzle,2
505,idea,lesson,3
506,belief,dynamic,1
507,dynamic,learn,1
508,dynamic,opportunity,1
509,dynamic,waiting,1
510,dynamic,expand,1
511,dynamic,laptop,1
512,potential,energy,9
513,improve,design,1
514,improve,understand,1
515,improve,initial,1
516,improve,several,1
517,conduct,investigate,2
518,sixweek,informal,1
519,informal,field,1
520,informal,science,1
521,program,teacher,3
522,large,group,2
523,midwest,university,1
524,university,educators,1
525,educators,make,1
526,educators,able,1
527,able,move,2
528,focus,literacy,1
529,focus,research,1
530,focus,show,1
531,focus,four,1
532,focus,student,1
533,focus,child,1
534,focus,science,1
535,focus,potential,1
536,focus,specific,1
537,focus,strategy,1
538,focus,skill,1
539,focus,explore,1
540,focus,seed,1
541,focus,lesson,1
542,focus,quantifying,1
543,focus,net,1
544,focus,integrate,1
545,focus,animal,1
546,focus,sole,1
547,focus,odd,1
548,specific,aspect,2
549,aspect,inquiry,2
550,aspect,nature,2
551,nature,science,6
552,instruction,model,4
553,unit,teacher,2
554,unit,compare,2
555,include,draw,2
556,introduce,child,3
557,decontextualized,activity,1
558,embed,aspect,1
559,embed,assess,1
560,embed,meaning,1
561,content,test,2
562,contextual,plan,1
563,contextual,activity,1
564,contextual,support,1
565,contextual,classroom,1
566,literature,debrief,1
567,debrief,work,1
568,debrief,embed,1
569,assess,tool,1
570,assess,data,1
571,assess,process,1
572,assess,guide,1
573,assess,understand,1
574,assess,science,1
575,assess,might,1
576,assess,even,1
577,assess,formal,1
578,assess,progression,1
579,assess,competence,1
580,studentdesigned,inquiry,1
581,strategy,learn,1
582,strategy,ask,1
583,strategy,design,1
584,strategy,draw,1
585,strategy,include,1
586,strategy,introduce,1
587,strategy,empirical,1
588,strategy,will,1
589,strategy,demonstrate,1
590,strategy,approach,1
591,empirical,evidence,2
592,creative,tentative,1
593,creative,think,1
594,creative,forefront,1
595,tentative,robust,1
596,robust,science,1
597,robust,subjective,1
598,subjective,nature,1
599,well,structure,2
600,well,suited,2
601,distinguish,observation,2
602,observation,infer,16
603,infer,need,10
604,day,night,2
605,africanamerican,female,1
606,africanamerican,student,1
607,africanamerican,girl,1
608,girl,ask,2
609,girl,made,2
610,will,need,4
611,different,type,4
612,read,text,7
613,sevenblindmice,young1992,1
614,young1992,student,1
615,journal,draw,1
616,journal,student,1
617,journal,provide,1
618,cover,read,1
619,whatdoyoudowithataillikethis,jenkinspage2003,1
620,jenkinspage2003,discuss,1
621,5,year,3
622,sense,see,1
623,sense,question,1
624,sense,data,1
625,sense,need,1
626,sense,include,1
627,sense,observation,1
628,sense,relate,1
629,sense,demonstrate,1
630,sense,number,1
631,sense,happen,1
632,sense,record,1
633,relate,concept,1
634,relate,observation,1
635,relate,sink,1
636,relate,evidence,1
637,relate,two,1
638,relate,fact,1
639,relate,interaction,1
640,relate,matter,1
641,relate,sub,1
642,relate,earth,1
643,skill,child,3
644,1,picture,3
645,scientist,test,3
646,ledermanabdelkhalick1998,understand,1
647,ledermanabdelkhalick1998,read,1
648,ledermanabdelkhalick1998,dog,1
649,ledermanabdelkhalick1998,old,1
650,ledermanabdelkhalick1998,tricky,1
651,ledermanabdelkhalick1998,think,1
652,dog,among,1
653,among,child,2
654,spot,activity,1
655,spot,target,1
656,old,scientist,1
657,old,woman,1
658,woman,activity,1
659,woman,young,1
660,young,child,11
661,tricky,track_trace,1
662,track_trace,activity,1
663,track_trace,move,1
664,ledermanabdelkhalick1998understand,predict,1
665,predict,make,2
666,predict,end,2
667,predict,experiment,2
668,predict,result,2
669,predict,technology,2
670,predict,b,2
671,predict,teeter,2
672,oppositecubeactivity,ledermanabdelkhalick1998,1
673,drxarglesbookofearthlets,willis2002,1
674,willis2002,understand,1
675,cube,activity,1
676,cube,made,1
677,cube,put,1
678,cube,frozen,1
679,think,bug,2
680,think,sheep,2
681,think,might,2
682,think,location,2
683,think,try,2
684,tubes,ledermanabdelkhalick1998,1
685,tubes,plastic,1
686,dinosaur,understand,1
687,dinosaur,become,1
688,thedinosauralphabetbook,pallota1990,1
689,pallota1990,living,1
690,living,thing,5
691,versus,nonliving,2
692,nonliving,student,1
693,nonliving,concept,1
694,nonliving,section,1
695,nonliving,thing,1
696,sort,common,1
697,sort,study_teacher,1
698,sort,answer,1
699,common,intuition,2
700,item,bird,2
701,section,present,1
702,section,make,1
703,amealwormslife,himmelman2001,1
704,himmelman2001,draw,1
705,mealworm,understand,1
706,mealworm,observe,1
707,mealworm,rework,1
708,observe,infer,8
709,rework,draw,1
710,collect,data,17
711,theextinctalphabetbook,pallotta1993,1
712,pallotta1993,draw,1
713,become,scientist,2
714,extinct,made,1
715,fossils,playdoh,1
716,playdoh,understand,1
717,playdoh,provide,1
718,playdoh,6,1
719,playdoh,7,1
720,playdoh,sample,1
721,playdoh,simulation,1
722,playdoh,4,1
723,playdoh,stacked,1
724,solids,liquid,3
725,liquid,gases,3
726,gases,basedon,1
727,gases,use,1
728,gases,force,1
729,category_classify,use,1
730,category_classify,data,1
731,category_classify,order,1
732,category_classify,item,1
733,category_classify,solids,1
734,category_classify,according,1
735,category_classify,bird,1
736,category_classify,relation,1
737,category_classify,appear,1
738,object,eg,5
739,batholomewandtheoobleck,suess1949,1
740,suess1949,oobleck,1
741,oobleck,activity,1
742,sneiderbeals2004,make,1
743,change,teacher,1
744,change,make,1
745,change,state,1
746,change,previous,1
747,change,view,1
748,change,density,1
749,change,result,1
750,change,color,1
751,change,event,1
752,change,walk,1
753,change,together,1
754,change,rats,1
755,change,example_animal,1
756,previous,knowledge,4
757,new,vocabulary,2
758,new,playground,2
759,new,thing,2
760,new,meaning,2
761,sink,float,6
762,float,sink,8
763,experiment,make,8
764,material,kind,4
765,explore,stage,5
766,initial,present,1
767,initial,interest,1
768,initial,concept,1
769,initial,understand,1
770,initial,idea,1
771,initial,explore,1
772,initial,apply,1
773,initial,frame,1
774,plant,need,4
775,plant,student,4
776,plant,grow,4
777,demonstrate,empirical,1
778,demonstrate,young,1
779,demonstrate,experiment,1
780,demonstrate,basic,1
781,demonstrate,captivate,1
782,demonstrate,many,1
783,demonstrate,awareness,1
784,demonstrate,analyse,1
785,demonstrate,p385,1
786,basic,science,3
787,variable,control,1
788,variable,concept,1
789,variable,child,1
790,variable,collect,1
791,variable,figure,1
792,variable,affect,1
793,grow,develop,7
794,figure,1,2
795,flower,experiment,6
796,light,new,1
797,light,motion,1
798,light,small,1
799,light,bulb,1
800,evidence,basedon,2
801,type,activity,3
802,seed,disperse,11
803,lima,bean,6
804,bean,experiment,4
805,hydroponically,collect,1
806,culture,within,1
807,culture,different,1
808,culture,relevance,1
809,culture,universal,1
810,view,child,1
811,view,plant,1
812,view,topic,1
813,view,real,1
814,view,considerable,1
815,bringingtheraintokapitaplain,aardema1992,1
816,aardema1992,student,1
817,carver,study,1
818,georgewashingtoncarver,inquiry,1
819,soil,plant,1
820,soil,purpose,1
821,purpose,help,1
822,purpose,activity,1
823,purpose,soil,1
824,purpose,facilitate,1
825,purpose,promote,1
826,peanut,plant,4
827,conclusion,basedon,2
828,mcclintocks,observation,1
829,find,way,4
830,pattern,natural,2
831,corn,flour,4
832,cobs,student,1
833,based,inquiry,1
834,based,upon,1
835,based,interest,1
836,based,observation,1
837,baseline,unit,2
838,across,rug,2
839,implement,ibse,2
840,required,one,1
841,required,cook,1
842,lesson,student,5
843,45minute,four,1
844,45minute,duration,1
845,90minute,adapt,1
846,adapt,empirical,1
847,adapt,well,1
848,evaluate,conclusion,2
849,evaluate,stage,2
850,eg,add,1
851,eg,see,1
852,eg,concept,1
853,eg,object,1
854,eg,hardyetal2006,1
855,eg,kind,1
856,eg,play,1
857,eg,food,1
858,eg,examine,1
859,eg,gravity,1
860,eg,klipspringer,1
861,eg,succulent,1
862,eg,handoperated,1
863,eg,mechanical,1
864,eg,posters,1
865,eg,hints,1
866,eg,flashlight,1
867,eg,rubber,1
868,eg,windup,1
869,eg,popup,1
870,eg,slap,1
871,eg,chopsticks,1
872,hardyetal2006,moellerjonenhardystern2002,1
873,moellerjonenhardystern2002,regard,1
874,cognitive,dimension,1
875,cognitive,resource,1
876,cognitive,significant,1
877,cognitive,demand,1
878,covered,concept,1
879,covered,safety,1
880,covered,age,1
881,epistemic,practice,1
882,epistemic,social,1
883,epistemic,similar,1
884,epistemic,pre,1
885,epistemic,enterprise,1
886,epistemic,methodology,1
887,start,activity,2
888,start,point,2
889,hypothesis,data,1
890,hypothesis,make,1
891,hypothesis,define,1
892,hypothesis,potential,1
893,hypothesis,experiment,1
894,hypothesis,standard,1
895,hypothesis,next,1
896,hypothesis,test,1
897,hypothesis,explain,1
898,hypothesis,curriculum,1
899,hypothesis,study_child,1
900,hypothesis,orient,1
901,hypothesis,ant,1
902,standard,teacher,1
903,standard,learn,1
904,standard,unit,1
905,standard,common,1
906,standard,material,1
907,standard,kindergarten,1
908,standard,consistent,1
909,handson,activity,5
910,demonstrations,teacher,1
911,demonstrations,explain,1
912,demonstrations,song,1
913,provide,guide,2
914,provide,student,2
915,provide,opportunity,2
916,provide,science,2
917,box,ask,2
918,contained,object,1
919,steel,styrofoam,1
920,styrofoam,wax,1
921,wax,see,1
922,moellerjonen2005,teacher,1
923,worksheets,appropriate,1
924,worksheets,basic,1
925,apply,student,1
926,apply,strategy,1
927,apply,similar,1
928,apply,move,1
929,apply,knowledge,1
930,apply,force,1
931,apply,ball,1
932,similar,way,1
933,similar,context,1
934,similar,classmates,1
935,similar,comment,1
936,context,use,1
937,context,group,1
938,context,investigate,1
939,context,study,1
940,context,task,1
941,context,child,1
942,context,science,1
943,context,center,1
944,context,typical,1
945,context,multiple,1
946,context,tablet,1
947,context,snail,1
948,level,concept,1
949,level,science,1
950,repetition,task,3
951,consolidation,task,1
952,complex,inquiry,1
953,complex,concept,1
954,complex,level,1
955,complex,transfer,1
956,transfer,task,1
957,detail,describe_ption,2
958,detail,lesson,2
959,manual,include,1
960,prestructured,lesson,1
961,move,real,3
962,kind,animal,4
963,simple,tool,3
964,density,relative,2
965,relative,density,1
966,relative,water,1
967,water,evaporating,7
968,compare,measurement,2
969,receiving,support,1
970,receiving,two,1
971,receiving,longterm,1
972,receiving,inclass,1
973,receiving,paper,1
974,two,week,2
975,form,support,4
976,regrouped,case,1
977,longterm,discontinuous,2
978,discontinuous,teacher,1
979,discontinuous,support,1
980,whole,class,6
981,year,stimulate,5
982,session,teacher,1
983,session,week,1
984,session,structure,1
985,session,focus,1
986,session,provide,1
987,session,year,1
988,session,inclass,1
989,session,particular,1
990,session,require,1
991,inclass,support,2
992,meeting,work,1
993,meeting,among,1
994,meeting,whole,1
995,meeting,outside,1
996,meeting,live_habitat,1
997,outside,see,1
998,outside,class,1
999,outside,8,1
1000,outside,school,1
1001,outside,water,1
1002,outside,playground,1
1003,outside,discover,1
1004,outside,know,1
1005,outside,study_teacher,1
1006,outside,time,1
1007,outside,talk,1
1008,outside,porch,1
1009,throughout,process,1
1010,throughout,lesson,1
1011,throughout,year,1
1012,throughout,duration,1
1013,occur,child,1
1014,occur,science,1
1015,occur,particular,1
1016,occur,communicate,1
1017,occur,example,1
1018,occur,mathematical,1
1019,particular,way,1
1020,particular,value,1
1021,particular,science,1
1022,particular,context,1
1023,particular,application,1
1024,particular,likeaffect,1
1025,center,6,2
1026,experienced,teacher,2
1027,relieved,teacher,1
1028,responsibility,investigate,2
1029,colleagues,specific,1
1030,colleagues,implement,1
1031,colleagues,neighbouring,1
1032,neighbouring,school,1
1033,module,coteaching,1
1034,module,color,1
1035,coteaching,distribute,1
1036,distribute,playdoh,1
1037,distribute,lending,1
1038,distribute,course,1
1039,lending,pedagogy,1
1040,documents,material,2
1041,organise,activity,2
1042,short,spans,1
1043,short,halfday,1
1044,halfday,lesson,1
1045,halfday,train,1
1046,train,add,1
1047,train,need,1
1048,train,session,1
1049,subject,syllabus,1
1050,subject,ie,1
1051,subject,area,1
1052,subject,treated,1
1053,syllabus,teacher,1
1054,mainly,responding,1
1055,responding,colleagues,1
1056,requests,center,1
1057,6,class,2
1058,crosstopic,subject,1
1059,ie,four,1
1060,ie,science,1
1061,ie,variable,1
1062,ie,inertia,1
1063,ie,net,1
1064,ie,cardboard,1
1065,ie,gravity,1
1066,ie,tallying,1
1067,write,see,1
1068,write,work,1
1069,write,draw,1
1070,write,science,1
1071,write,number,1
1072,launched,year,1
1073,tackle,three,1
1074,topic,study,2
1075,topic,relate,2
1076,topic,water,2
1077,topic,properties,2
1078,engage,explore,4
1079,voluntary,teacher,1
1080,enrolled,project,1
1081,pilot,center,3
1082,trainer,two,1
1083,percentage,class,1
1084,according,number,1
1085,according,objective,1
1086,according,fleer2011,1
1087,according,cepnietal2006,1
1088,according,kefietal2013,1
1089,according,presumed,1
1090,number,concept,2
1091,number,identify,2
1092,m,delclaux,1
1093,m,27,1
1094,delclaux,e,1
1095,e,child,1
1096,e,saltiel152,1
1097,e,communicate,1
1098,e,timelapse,1
1099,saltiel152,three,1
1100,teacher_trainer,organise,1
1101,teacher_trainer,framework,1
1102,necessary,pedagogy,1
1103,necessary,stop,1
1104,necessary,costs,1
1105,7,tool,1
1106,7,show,1
1107,7,repetition,1
1108,7,amanda,1
1109,result,predict,2
1110,result,explain,2
1111,result,measurement,2
1112,obtain,class,1
1113,obtain,evaluate,1
1114,sample,receiving,1
1115,sample,weekly,1
1116,sample,low,1
1117,framework,science,2
1118,4yearolds,dynamic,1
1119,waiting,participate,1
1120,fact,bird,2
1121,bird,live_habitat,9
1122,survival,value,2
1123,depend,child,1
1124,depend,density,1
1125,depend,environment,1
1126,depend,kindergartener,1
1127,depend,chick,1
1128,environment,teacher,2
1129,habitat,group,1
1130,habitat,choice,1
1131,habitat,will,1
1132,habitat,engage,1
1133,habitat,studychild,1
1134,habitat,eventually,1
1135,habitat,around,1
1136,habitat,look,1
1137,habitat,anything,1
1138,habitat,food,1
1139,stage,child,4
1140,invoke,child,2
1141,take,question,1
1142,take,class,1
1143,take,picture,1
1144,take,interest,1
1145,take,student,1
1146,take,opportunity,1
1147,take,informal,1
1148,take,epistemic,1
1149,take,water,1
1150,take,whole,1
1151,take,responsibility,1
1152,take,going,1
1153,take,leadership,1
1154,take,home,1
1155,take,place,1
1156,take,increase,1
1157,take,study_child,1
1158,take,part,1
1159,take,position,1
1160,take,turns,1
1161,take,every,1
1162,take,account,1
1163,take,risk,1
1164,take,sean,1
1165,take,puzzle,1
1166,take,illstructured,1
1167,take,productions,1
1168,take,route,1
1169,elicit,child,3
1170,knowledge,bird,2
1171,determine,child,1
1172,determine,many,1
1173,determine,significant,1
1174,misconceptions,present,1
1175,misconceptions,relate,1
1176,misconceptions,topic,1
1177,misconceptions,persistent,1
1178,misconceptions,clarification,1
1179,captivate,child,1
1180,attention,read,1
1181,attention,bird,1
1182,attention,paid,1
1183,motivation,learn,1
1184,motivation,interest,1
1185,motivation,elicit,1
1186,curious,inquiry,1
1187,curious,pattern,1
1188,curious,topic,1
1189,curious,take,1
1190,curious,chick,1
1191,curious,bear,1
1192,preservice,teacher,2
1193,studychild,bird,4
1194,studychild,johanna,4
1195,bug,studychild,1
1196,bug,imagination,1
1197,bug,microscope,1
1198,sheep,teacher,2
1199,open,space,2
1200,reveal,bird,2
1201,taxidermy,mount,2
1202,mount,case,1
1203,mount,display,1
1204,immediately,observe,1
1205,immediately,reacted,1
1206,reacted,see,1
1207,say,well,2
1208,real,world,4
1209,bring,element,1
1210,bring,classroom,1
1211,bring,task,1
1212,bring,child,1
1213,bring,evidence,1
1214,bring,box,1
1215,bring,bird,1
1216,bring,attention,1
1217,bring,nest,1
1218,bring,rock,1
1219,bring,tub,1
1220,bring,clipboards,1
1221,color,bird,3
1222,live_habitat,nest,6
1223,engrossed,feeling,1
1224,feeling,seed,1
1225,feeling,bird,1
1226,feeling,texture,1
1227,pet,alive,1
1228,pet,goldfish,1
1229,alive,teacher,1
1230,alive,one,1
1231,alive,hungry,1
1232,replied,bird,1
1233,nest,studychild,7
1234,trees,open,3
1235,built,nest,7
1236,feel,material,1
1237,feel,smooth,1
1238,smooth,rough,1
1239,smooth,rock,1
1240,rough,soft,1
1241,soft,hard,2
1242,hard,transition,1
1243,hard,rock,1
1244,hard,reconcile,1
1245,next,phase,2
1246,announced,today,1
1247,today,observe,1
1248,today,going,1
1249,today,actual,1
1250,going,use,1
1251,going,learn,1
1252,going,see,1
1253,going,inside,1
1254,going,go,1
1255,going,around,1
1256,going,play,1
1257,going,grab,1
1258,going,clues,1
1259,going,something,1
1260,eventually,class,1
1261,eventually,able,1
1262,eventually,become,1
1263,eventually,built,1
1264,like,previous,2
1265,playground,show,1
1266,playground,school,1
1267,playground,stage,1
1268,playground,take,1
1269,playground,today,1
1270,playground,look,1
1271,playground,put,1
1272,playground,equipment,1
1273,playground,ladybug,1
1274,playground,actual,1
1275,playground,quite,1
1276,5e,model,3
1277,thought,experiment,6
1278,inside,make,1
1279,inside,classroom,1
1280,inside,child,1
1281,inside,bird,1
1282,inside,plastic,1
1283,inside,exclaimed,1
1284,inside,hole,1
1285,inside,squeeze,1
1286,respond,question,1
1287,respond,range,1
1288,respond,interest,1
1289,possible,68,2
1290,imagination,situation,2
1291,display,understand,1
1292,display,dynamic,1
1293,display,real,1
1294,display,front,1
1295,display,awareness,1
1296,display,happen,1
1297,front,2,1
1298,front,child,1
1299,front,now,1
1300,promptly,one,1
1301,promptly,open,1
1302,leadto,lesson,1
1303,leadto,us,1
1304,leadto,majority,1
1305,leadto,generative,1
1306,thing,get,1
1307,thing,child,1
1308,thing,understand,1
1309,thing,will,1
1310,thing,think,1
1311,thing,sink,1
1312,thing,float,1
1313,thing,plant,1
1314,thing,however,1
1315,thing,found,1
1316,thing,connect,1
1317,thing,try,1
1318,thing,study_teacher,1
1319,thing,agreed,1
1320,thing,just,1
1321,thing,talk,1
1322,thing,feature,1
1323,thing,life,1
1324,thing,staff,1
1325,thing,theme,1
1326,thing,rats,1
1327,thing,true,1
1328,however,child,3
1329,recognized,pattern,1
1330,recognized,bird,1
1331,ornithologist,perspective,1
1332,ornithologist,bird,1
1333,important,point,2
1334,prepare,plan,1
1335,prepare,develop,1
1336,system,study,1
1337,system,child,1
1338,system,track_trace,1
1339,system,category_classify,1
1340,system,recognized,1
1341,system,mental,1
1342,system,ascertain,1
1343,organisms,topic,1
1344,organisms,allow,1
1345,organisms,pairs,1
1346,biology,class,1
1347,biology,child,1
1348,biology,physics,1
1349,biology,outer,1
1350,biology,component,1
1351,biology,issue,1
1352,conversation,one,1
1353,conversation,kind,1
1354,conversation,studychild,1
1355,conversation,play,1
1356,conversation,gather,1
1357,misconception,bird,1
1358,lay,egg,2
1359,egg,girl,2
1360,egg,bird,2
1361,egg,hatch,2
1362,hatch,study,1
1363,hatch,however,1
1364,hatch,chick,1
1365,formed,next,1
1366,formed,many,1
1367,many,toy,2
1368,occasions,child,1
1369,occasions,watch,1
1370,watch,bird,1
1371,watch,hatch,1
1372,watch,adult,1
1373,watch,workers,1
1374,behavior,curriculum,3
1375,event,include,2
1376,typical,much,1
1377,typical,school,1
1378,typical,misconceptions,1
1379,typical,nest,1
1380,typical,kindergarten,1
1381,typical,consist,1
1382,reach,young,1
1383,reach,conclusion,1
1384,reach,kindergarten,1
1385,perhaps,infer,1
1386,size,material,1
1387,size,now,1
1388,size,facilitate,1
1389,size,prompt,1
1390,size,relation,1
1391,size,weight,1
1392,now,baby,2
1393,now,tell,2
1394,discover,bear,2
1395,facilitate,plan,1
1396,facilitate,learn,1
1397,facilitate,discuss,1
1398,facilitate,student,1
1399,facilitate,concept,1
1400,facilitate,child,1
1401,facilitate,explore,1
1402,interaction,around,2
1403,cooperatively,along,1
1404,along,many,1
1405,along,peers,1
1406,peers,others,1
1407,peers,become,1
1408,peers,take,1
1409,peers,advance,1
1410,advance,infer,1
1411,advance,skill,1
1412,advance,knowledge,1
1413,hallmark,inquiry,1
1414,give,child,3
1415,chance,compare,1
1416,chance,test,1
1417,test,hypothesis,5
1418,go,bear,2
1419,walk,child,1
1420,walk,studychild,1
1421,walk,around,1
1422,walk,responded,1
1423,walk,back,1
1424,walk,mulch,1
1425,walk,away,1
1426,around,playground,2
1427,around,5e,2
1428,forest,area,2
1429,area,concept,3
1430,look,bird,4
1431,feeder,teacher,1
1432,feeder,learn,1
1433,feeder,trees,1
1434,feeder,near,1
1435,feeder,tactile,1
1436,worms,teacher,1
1437,hunt,conduct,1
1438,hunt,outside,1
1439,hunt,take,1
1440,hunt,first,1
1441,first,child,2
1442,anything,think,1
1443,might,eat,3
1444,play,child,3
1445,let,use,2
1446,share,datapredict,2
1447,hear,bird,1
1448,hear,point,1
1449,hear,sound,1
1450,cautions,child,1
1451,listen,question,1
1452,listen,child,1
1453,listen,hear,1
1454,listen,notice,1
1455,point,child,3
1456,space,teacher,1
1457,space,ask,1
1458,space,science,1
1459,space,read,1
1460,space,kindergarten,1
1461,space,representation,1
1462,space,shape,1
1463,space,record,1
1464,space,community,1
1465,location,studychild,1
1466,location,nest,1
1467,location,possible,1
1468,location,refer,1
1469,location,small,1
1470,location,impact,1
1471,put,nest,2
1472,found,way,1
1473,found,piece,1
1474,found,environment,1
1475,found,egg,1
1476,found,walk,1
1477,found,around,1
1478,found,look,1
1479,found,tree,1
1480,found,lots,1
1481,found,house,1
1482,tree,bark,2
1483,bark,studychild,1
1484,bark,might,1
1485,bark,excited,1
1486,bark,sticks,1
1487,motioned,follow,1
1488,motioned,student,1
1489,guys,move,1
1490,easy,bird,1
1491,food,make,1
1492,food,student,1
1493,food,child,1
1494,food,provide,1
1495,food,studychild,1
1496,food,color,1
1497,food,mother,1
1498,food,drink,1
1499,food,gasoline,1
1500,food,running,1
1501,examine,individual,1
1502,examine,object,1
1503,examine,bird,1
1504,examine,ice,1
1505,examine,toy,1
1506,examine,interplay,1
1507,examine,flashlight,1
1508,near,begin,1
1509,near,piece,1
1510,near,nature,1
1511,near,felt,1
1512,felt,need,1
1513,felt,within,1
1514,felt,form,1
1515,felt,inside,1
1516,mature,trees,1
1517,premises,kindergartener,1
1518,kindergartener,set,1
1519,kindergartener,child,1
1520,kindergartener,program,1
1521,kindergartener,explore,1
1522,kindergartener,topic,1
1523,kindergartener,give,1
1524,kindergartener,look,1
1525,kindergartener,age,1
1526,kindergartener,period,1
1527,walks,explore,1
1528,objective,lesson,2
1529,mission,child,1
1530,gibson1979,develop,1
1531,afford,describe_ption,1
1532,afford,canopy,1
1533,awareness,science,1
1534,awareness,include,1
1535,awareness,environment,1
1536,awareness,construct,1
1537,awareness,every,1
1538,significant,function,1
1539,significant,child,1
1540,significant,develop,1
1541,landscape,afford,1
1542,canopy,trees,1
1543,grounded,work,1
1544,grounded,plant,1
1545,grounded,lesson,1
1546,grounded,contrast,1
1547,contrast,teacher,1
1548,contrast,material,1
1549,contrast,interpret,1
1550,contrast,issue,1
1551,refer,location,1
1552,refer,technology,1
1553,intuition,use,1
1554,intuition,begin,1
1555,intuition,others,1
1556,intuition,predict,1
1557,intuition,ball,1
1558,topography,like,1
1559,slopes,rock,1
1560,rock,nest,2
1561,logs,trees,1
1562,motor,interest,1
1563,motor,skill,1
1564,even,will,1
1565,even,simple,1
1566,even,number,1
1567,even,might,1
1568,even,explain,1
1569,even,adult,1
1570,even,actual,1
1571,even,t,1
1572,physical,space,2
1573,challenge,child,2
1574,fjørtoft2001,nature,1
1575,excited,suitable,1
1576,leadership,role,1
1577,leadership,large,1
1578,leadership,leadteacher,1
1579,tactile,experience,1
1580,acquire,feeling,1
1581,acquire,advance,1
1582,acquire,later,1
1583,explanation,evidence,2
1584,congregated,group,1
1585,exposed,explore,1
1586,validate,child,1
1587,naive,concept,1
1588,naive,theory,1
1589,theory,world,1
1590,theory,correct,1
1591,correct,answer,2
1592,extend,discuss,1
1593,extend,child,1
1594,extend,new,1
1595,extend,evaluate,1
1596,extend,knowledge,1
1597,extend,thought,1
1598,extend,explanation,1
1599,extend,revise,1
1600,connect,student,1
1601,connect,social,1
1602,connect,experience,1
1603,connect,science,1
1604,connect,across,1
1605,connect,everything,1
1606,connect,elastic,1
1607,explain,evidence,3
1608,phenomenon,child,3
1609,teach,ibse,1
1610,teach,science,1
1611,teach,new,1
1612,teach,put,1
1613,term,potential,2
1614,baby,bird,7
1615,home,teacher,1
1616,home,leaving,1
1617,home,sometimes,1
1618,home,observe,1
1619,home,trees,1
1620,home,put,1
1621,home,big,1
1622,home,c,1
1623,berries,baby,1
1624,mother,teacher,1
1625,plastic,egg,4
1626,bag,collect,1
1627,bag,safety,1
1628,safety,use,1
1629,safety,rules,1
1630,safety,allow,1
1631,rules,review,1
1632,rules,associate,1
1633,rules,underlie,1
1634,grab,nest,1
1635,grab,rock,1
1636,sticks,nest,1
1637,sticks,look,1
1638,sticks,bark,1
1639,sticks,rock,1
1640,sticks,leaves,1
1641,sticks,3,1
1642,lots,fun,1
1643,lots,rock,1
1644,chick,concept,1
1645,chick,inside,1
1646,chick,might,1
1647,chick,adult,1
1648,insight,depend,1
1649,adult,add,1
1650,adult,situation,1
1651,adult,begin,1
1652,adult,set,1
1653,adult,bird,1
1654,adult,however,1
1655,adult,know,1
1656,adult,means,1
1657,adult,adopt,1
1658,adult,die,1
1659,establish,location,1
1660,establish,p19370to,1
1661,realm,real,1
1662,meaning,support,1
1663,meaning,ordinary,1
1664,meaning,elaborate,1
1665,meaning,formative,1
1666,meaning,abstract,1
1667,ordinary,object,1
1668,ordinary,material,1
1669,variety,material,2
1670,plausible,rock,1
1671,plausible,amazon,1
1672,probable,improve,1
1673,probable,real,1
1674,probable,forget,1
1675,elaborate,stage,2
1676,allow,add,1
1677,allow,teacher,1
1678,allow,learn,1
1679,allow,scaffold,1
1680,allow,student,1
1681,allow,child,1
1682,allow,enough,1
1683,allow,us,1
1684,allow,decorate,1
1685,expand,activity,1
1686,expand,understand,1
1687,persistent,teacher,1
1688,mitigate,misconceptions,1
1689,clarification,teacher,1
1690,clarification,concept,1
1691,address,group,1
1692,address,within,1
1693,address,common,1
1694,address,water,1
1695,address,exist,1
1696,address,physics,1
1697,independent,child,1
1698,independent,topic,1
1699,independent,adult,1
1700,paper,cutout,3
1701,cutout,bird,1
1702,cutout,alive,1
1703,cutout,conversation,1
1704,cutout,egg,1
1705,enough,material,1
1706,enough,time,1
1707,leaves,change,1
1708,leaves,find,1
1709,leaves,provide,1
1710,leaves,withdraw,1
1711,scenario,create,1
1712,scenario,newton,1
1713,free,play,3
1714,gather,record,2
1715,us,interest,1
1716,us,concept,1
1717,us,science,1
1718,us,move,1
1719,us,try,1
1720,us,essential,1
1721,us,journeyed,1
1722,try,get,3
1723,pink,teacher,1
1724,pink,obviously,1
1725,pink,cuddly,1
1726,auh,baby,2
1727,backyards,home,1
1728,modify,question,2
1729,early,year,3
1730,childhood,set,1
1731,childhood,programmes,1
1732,programmes,accommodate,1
1733,accommodate,bird,1
1734,accommodate,free,1
1735,wide,variety,1
1736,least,one,3
1737,obviously,practice,1
1738,obviously,child,1
1739,camouflage,rather,1
1740,rather,make,1
1741,rather,typical,1
1742,rather,slow,1
1743,rather,represent,1
1744,favourite,color,1
1745,exclaimed,now,1
1746,enhance,deep,1
1747,enhance,interest,1
1748,reciprocated,play,1
1749,express,common,1
1750,express,event,1
1751,express,variety,1
1752,express,whether,1
1753,express,example,1
1754,express,surprise,1
1755,express,amazement,1
1756,formal,informally,1
1757,formal,symbol,1
1758,informally,teacher,1
1759,authentic,assess,1
1760,authentic,problemsolving,1
1761,progression,work,1
1762,progression,study,1
1763,progression,three,1
1764,progression,child,1
1765,progression,season,1
1766,progression,several,1
1767,outcome,evaluate,1
1768,information,use,1
1769,information,text,1
1770,information,image,1
1771,information,guide,1
1772,information,social,1
1773,information,compare,1
1774,information,bird,1
1775,information,test,1
1776,information,rain,1
1777,classmates,kind,1
1778,oh,found,1
1779,oh,want,1
1780,oh,goodness,1
1781,want,child,2
1782,want,include,2
1783,want,know,2
1784,fill,egg,2
1785,sleeping,nest,1
1786,hungry,need,1
1787,hungry,food,1
1788,hey,friend,1
1789,friend,encourage,1
1790,friend,let,1
1791,friend,associate,1
1792,rubric,note,1
1793,whether,child,2
1794,characteristic,well,1
1795,characteristic,bird,1
1796,characteristic,nest,1
1797,characteristic,insects,1
1798,characteristic,possibilities,1
1799,construct,one,1
1800,construct,understand,1
1801,construct,variable,1
1802,construct,context,1
1803,construct,knowledge,1
1804,construct,nest,1
1805,construct,event,1
1806,construct,area,1
1807,construct,express,1
1808,construct,discourse,1
1809,construct,graph,1
1810,construct,distilled,1
1811,intended,function,1
1812,intended,facilitate,1
1813,intended,provoke,1
1814,rationalize,made,1
1815,realize,diversity,1
1816,diversity,activity,1
1817,diversity,material,1
1818,diversity,plant,1
1819,mode,imagination,1
1820,fed,birdseed,1
1821,fed,inclinations,1
1822,birdseed,according,1
1823,fleer2011,move,1
1824,jockey,riding,1
1825,riding,horse,1
1826,horse,play,1
1827,enactment,science,1
1828,enactment,scientist,1
1829,enactment,observe,1
1830,enactment,near,1
1831,enactment,directly,1
1832,outdoor,classroom,4
1833,congruent,kindergartener,1
1834,know,snail,2
1835,documenting,find,1
1836,documenting,communicate,1
1837,associate,interest,1
1838,associate,scientist,1
1839,associate,change,1
1840,associate,evidence,1
1841,associate,approach,1
1842,analyse,share,2
1843,culturalhistorical,perspective,1
1844,rise,concrete,1
1845,concrete,one,1
1846,concrete,process,1
1847,concrete,student,1
1848,comprise,pedagogy,1
1849,principle,parallel,2
1850,holistic,system,1
1851,mental,ascending,1
1852,mental,transported,1
1853,ascending,system,1
1854,ascertain,specific,1
1855,consecutive,week,1
1856,study_teacher,work,2
1857,study_teacher,meeting,2
1858,kindergarten,student,5
1859,60minute,work,1
1860,pairs,investigate,3
1861,duration,project,1
1862,duration,dealt,1
1863,together,design,1
1864,together,draw,1
1865,together,develop,1
1866,subsequent,study,1
1867,subsequent,week,1
1868,subsequent,concept,1
1869,student’,progression,1
1870,weekly,lesson,1
1871,bscs2006,take,1
1872,place,four,1
1873,place,final,1
1874,place,child,1
1875,place,inside,1
1876,place,correct,1
1877,place,floor,1
1878,place,tub,1
1879,various,media,1
1880,various,group,1
1881,various,art,1
1882,various,discipline,1
1883,art,mathematical,2
1884,cameras,teacher,1
1885,season,change,1
1886,season,part,1
1887,serve,support,1
1888,serve,form,1
1889,representation,digital,1
1890,representation,student,1
1891,representation,system,1
1892,representation,outdoor,1
1893,representation,analyse,1
1894,representation,essential,1
1895,ainsworthetal2011,student,1
1896,formative,assess,1
1897,capture,science,1
1898,capture,variety,1
1899,capture,authentic,1
1900,communicate,learn,2
1901,communicate,investigate,2
1902,communicate,information,2
1903,promote,use,1
1904,promote,child,1
1905,promote,observation,1
1906,promote,motivation,1
1907,promote,contrast,1
1908,promote,mne2013,1
1909,recall,performed,6
1910,activate,schema,1
1911,schema,increase,1
1912,increase,responsibility,3
1913,selfexpression,efficacy,1
1914,efficacy,prompt,1
1915,prompt,discuss,1
1916,prompt,compare,1
1917,blagojevicthomes2008,neumannhinds2007,1
1918,recommend,early,1
1919,drive,project,2
1920,identify,describe_ption,2
1921,answer,basedon,1
1922,answer,ask,1
1923,answer,investigate,1
1924,answer,watch,1
1925,answer,extend,1
1926,answer,represent,1
1927,answer,record,1
1928,answer,several,1
1929,equipment,learn,1
1930,equipment,happen,1
1931,equipment,dig,1
1932,equipment,d,1
1933,logical,conclusion,1
1934,utilize,new,1
1935,utilize,environment,1
1936,utilize,chambers1983,1
1937,chambers1983,means,1
1938,means,explore,2
1939,stereotypes,among,1
1940,age,child,3
1941,511,year,1
1942,since,birth,2
1943,numerous,international,1
1944,international,study,1
1945,brosnan1999,maoldomhnaighhunt1989,1
1946,maoldomhnaighhunt1989,parsons1997,1
1947,parsons1997,songandkim1999,1
1948,songandkim1999,draw,1
1949,presence,gender,1
1950,gender,science,1
1951,cartoon,representation,1
1952,cartoon,captions,1
1953,cartoon,bedtime,1
1954,incorporate,explore,1
1955,incorporate,write,1
1956,incorporate,play,1
1957,clay,work,1
1958,directown,experience,1
1959,appreciate,strength,1
1960,strength,test,1
1961,strength,challenge,1
1962,approach,enable,1
1963,approach,word,1
1964,approach,guide,1
1965,approach,allow,1
1966,approach,action,1
1967,approach,consist,1
1968,approach,reggio,1
1969,newton,world,1
1970,newton,force,1
1971,force,motionphysics,4
1972,motionphysics,concept,2
1973,motionphysics,play,2
1974,motionphysics,symbol,2
1975,series,activity,1
1976,series,force,1
1977,series,augmented,1
1978,augmented,real,6
1979,heart,project,1
1980,motioncapture,technology,1
1981,technology,translate,2
1982,leverage,student,1
1983,leverage,body,1
1984,exist,idea,1
1985,exist,among,1
1986,exist,competence,1
1987,exist,done,1
1988,competence,engage,2
1989,symbol,element,2
1990,motion,different,1
1991,motion,incorporate,1
1992,motion,augmented,1
1993,motion,temperature,1
1994,displays,computer,1
1995,computer,animation,2
1996,generate,hypothesis,2
1997,sound,understand,1
1998,sound,light,1
1999,sound,video,1
2000,sound,ears,1
2001,sound,high,1
2002,video,seed,1
2003,video,top,1
2004,video,clip,1
2005,video,taped,1
2006,top,view,1
2007,top,water,1
2008,top,playground,1
2009,lpp,made,2
2010,lpp,technology,2
2011,lpp,curriculum,2
2012,curriculum,focus,3
2013,broad,phase,1
2014,broad,seed,1
2015,broad,force,1
2016,broad,domain,1
2017,target,concept,2
2018,relation,force,2
2019,speed,effect,1
2020,speed,particular,1
2021,speed,fact,1
2022,speed,system,1
2023,speed,slow,1
2024,continue,use,1
2025,continue,develop,1
2026,continue,improve,1
2027,continue,ie,1
2028,continue,debating,1
2029,continue,shape,1
2030,inertia,impulse,1
2031,impulse,force,1
2032,second,activity,1
2033,second,phase,1
2034,second,science,1
2035,second,focus,1
2036,second,lesson,1
2037,second,framework,1
2038,second,team,1
2039,second,energy,1
2040,second,rat,1
2041,quantifying,relation,1
2042,application,multiple,1
2043,application,life,1
2044,multiple,force,1
2045,multiple,criterion,1
2046,multiple,situate,1
2047,multiple,systematic,1
2048,net,force,5
2049,third,teacher,1
2050,third,activity,1
2051,third,student,1
2052,third,lesson,1
2053,third,neither,1
2054,friction,force,1
2055,friction,momentum,1
2056,correspond,key,1
2057,correspond,magnitude,1
2058,correspond,fit,1
2059,correspond,handmotions,1
2060,stumbling,block,1
2061,block,denominated,2
2062,summarize,student,2
2063,translate,student,2
2064,physics,concept,2
2065,physics,biology,2
2066,physics,engine,2
2067,animation,combine,2
2068,combine,student,2
2069,marked,important,2
2070,embodied,predict,6
2071,game,experience,2
2072,68,year,3
2073,interrogate,understand,2
2074,roseberyetal2005,explore,1
2075,success,made,1
2076,success,model,1
2077,example,use,1
2078,example,activity,1
2079,example,make,1
2080,example,student,1
2081,example,child,1
2082,example,conduct,1
2083,example,nature,1
2084,example,contextual,1
2085,example,float,1
2086,example,grow,1
2087,example,lesson,1
2088,example,form,1
2089,example,ice,1
2090,example,pck,1
2091,example,handling,1
2092,example,frequency,1
2093,example,several,1
2094,influence,different,1
2095,influence,motionphysics,1
2096,ball,student,2
2097,team,researcher,1
2098,team,choice,1
2099,team,two,1
2100,team,first,1
2101,team,decision,1
2102,decision,suitable,2
2103,decision,understand,2
2104,stop,teacher,1
2105,stop,ball,1
2106,direction,rather,1
2107,direction,ball,1
2108,direction,last,1
2109,direction,small,1
2110,last,phase,1
2111,last,force,1
2112,last,vignette,1
2113,expected,plan,1
2114,expected,student,1
2115,expected,evidence,1
2116,expected,engage,1
2117,expected,gain,1
2118,holding,two,1
2119,holding,intuition,1
2120,holding,empty,1
2121,small,data,1
2122,small,light,1
2123,small,bug,1
2124,small,force,1
2125,small,city,1
2126,opposite,direction,1
2127,reverse,direction,1
2128,slow,study_child,1
2129,slow,right,1
2130,study_child,student_child,3
2131,study_child,grandfather,3
2132,walking,across,1
2133,rug,see,1
2134,rug,wearing,1
2135,wearing,symbol,1
2136,hat,call,1
2137,call,specific,1
2138,call,type,1
2139,call,behavior,1
2140,call,frog,1
2141,call,precipitation,1
2142,public,share,1
2143,public,perform,1
2144,public,comment,1
2145,perform,embodied,1
2146,responded,recall,1
2147,responded,force,1
2148,encountered,ie,1
2149,encountered,television,1
2150,cardboard,symbol,1
2151,cardboard,cart,1
2152,floor,represented,1
2153,floor,part,1
2154,represented,culture,1
2155,represented,force,1
2156,time,use,2
2157,time,accordance,2
2158,projected,lpp,1
2159,microworld,move,1
2160,microworld,mirrored,1
2161,whiteboard,mimicking,1
2162,mimicking,move,1
2163,passed,force,1
2164,arrows,peers,1
2165,vocally,express,1
2166,agreed,predict,1
2167,agreed,find,1
2168,agreed,disposition,1
2169,right,place,1
2170,right,foot,1
2171,right,wrong,1
2172,right,left,1
2173,amount,one,1
2174,amount,unit,1
2175,amount,embodied,1
2176,amount,rain,1
2177,comment,discuss,2
2178,invite,child,2
2179,debating,study_child,1
2180,soliciting,student,1
2181,impact,child,1
2182,impact,ball,1
2183,idiosyncratic,idea,1
2184,simulation,built,1
2185,simulation,now,1
2186,simulation,summarize,1
2187,simulation,ensuing,1
2188,simulation,colella2000,1
2189,simulation,rain,1
2190,simulation,layer,1
2191,mirrored,choice,1
2192,represent,will,1
2193,represent,water,1
2194,represent,real,1
2195,represent,communicate,1
2196,represent,force,1
2197,represent,relevance,1
2198,represent,layer,1
2199,already,understand,1
2200,already,incorporate,1
2201,already,laid,1
2202,laid,floor,1
2203,laid,chairs,1
2204,part,literacy,1
2205,part,activity,1
2206,part,large,1
2207,part,unit,1
2208,part,teddy,1
2209,operate,world,1
2210,operate,particular,1
2211,engine,student,1
2212,engine,take,1
2213,back,begin,1
2214,back,anthill,1
2215,press,button,1
2216,press,etc,1
2217,button,run,1
2218,run,simulation,1
2219,happen,time,2
2220,ultimately,student,1
2221,surprise,predict,1
2222,match,computer,1
2223,ensuing,question,1
2224,ensuing,discuss,1
2225,explicit,implicit,1
2226,explicit,make,1
2227,explicit,state,1
2228,explicit,student,1
2229,explicit,develop,1
2230,explicit,understand,1
2231,explicit,train,1
2232,majority,student,1
2233,transform,intuition,1
2234,transform,several,1
2235,transform,delivering,1
2236,norm,manner,1
2237,manner,force,1
2238,refine,participate,1
2239,danish2009,participate,1
2240,dramatic,skits,1
2241,skits,student,1
2242,enact,key,1
2243,enact,discourse,1
2244,body,plan,1
2245,body,different,1
2246,body,motionphysics,1
2247,position,resource,1
2248,position,follow,1
2249,position,shape,1
2250,position,every,1
2251,collective,engage,1
2252,colella2000,shift,1
2253,shift,social,1
2254,shift,focus,1
2255,desired,result,1
2256,affect,object,1
2257,affect,plant,1
2258,affect,us,1
2259,affect,accompanied,1
2260,affect,regular,1
2261,accompanied,image,1
2262,accompanied,type,1
2263,devaluating,rules,1
2264,underlie,behavior,1
2265,underlie,principle,1
2266,underlie,simulation,1
2267,roseberyetal,2005,1
2268,2005,explore,1
2269,proof,concept,1
2270,trajectory,science,1
2271,foot,term,1
2272,complexity,science,1
2273,complexity,human,1
2274,ambitious,science,1
2275,generative,inquiry,1
2276,pre,posttest,1
2277,posttest,result,1
2278,believe,show,1
2279,believe,give,1
2280,limit,memorization,1
2281,limit,countryside,1
2282,memorization,science,1
2283,unstructured,explore,1
2284,just,design,1
2285,just,interest,1
2286,just,focus,1
2287,just,specific,1
2288,just,bring,1
2289,just,might,1
2290,just,want,1
2291,just,spur,1
2292,future,work,1
2293,unpack,depth,1
2294,depth,concept,1
2295,verbal,communicate,1
2296,concern,teacher,1
2297,concern,different,1
2298,concern,core,1
2299,especially,different,1
2300,tablet,use,1
2301,tablet,computer,1
2302,gd,stimulate,1
2303,stimulate,recall,7
2304,sr,product,1
2305,slowmation,boil,2
2306,ps,experiment,1
2307,without,help,1
2308,without,instruct_guide,1
2309,without,guide,1
2310,without,develop,1
2311,without,skill,1
2312,without,e,1
2313,without,address,1
2314,without,right,1
2315,without,talk,1
2316,timelapse,movie,8
2317,interviewing,child,1
2318,everyday,object,2
2319,repeat,curi,2
2320,drink,snow,1
2321,drink,ant,1
2322,snow,general,1
2323,snow,melting,1
2324,melting,water,1
2325,melting,etc,1
2326,melting,evaporating,1
2327,melting,dissolving,1
2328,etc,use,1
2329,etc,see,1
2330,etc,plant,1
2331,etc,7,1
2332,etc,phenomenon,1
2333,etc,mentioned,1
2334,etc,immobile,1
2335,etc,mobile,1
2336,mentioned,discuss,1
2337,clear,idea,1
2338,clear,tubes,1
2339,clear,plastic,1
2340,clear,limit,1
2341,clear,later,1
2342,evaporating,glass,6
2343,amanda,study_child,4
2344,student_child,35,3
2345,35,year,3
2346,ice,cube,2
2347,plates,room,1
2348,room,temperature,3
2349,temperature,create,1
2350,temperature,outside,1
2351,temperature,sound,1
2352,temperature,b,1
2353,temperature,magnetism,1
2354,degree,investigate,1
2355,degree,typical,1
2356,degree,curriculum,1
2357,degree,celcius,1
2358,celcius,drying,1
2359,drying,cabinet,1
2360,cabinet,timelapse,1
2361,johanna,5,3
2362,frozen,previous,1
2363,thinking,skill,1
2364,thinking,promote,1
2365,thinking,happen,1
2366,boil,water,5
2367,kettle,glass,2
2368,glass,bowl,6
2369,lid,stimulate,1
2370,lid,timelapse,1
2371,lid,stayed,1
2372,performed,timelapse,6
2373,bowl,water,2
2374,b,rain,2
2375,b,example_child,2
2376,3,test,2
2377,produced,material,4
2378,4,year,3
2379,electric,contextual,1
2380,electric,give,1
2381,electric,current,1
2382,electric,circuit,1
2383,electric,elastic,1
2384,essential,science,1
2385,essential,assess,1
2386,essential,explore,1
2387,essential,initial,1
2388,essential,two,1
2389,essential,feature,1
2390,spain,2,1
2391,denominated,technology,1
2392,denominated,matter,1
2393,matter,float,1
2394,matter,energy,1
2395,matter,properties,1
2396,matter,rainbows,1
2397,energy,use,5
2398,p19370to,know,1
2399,laws,governing,1
2400,governing,phenomenon,1
2401,transmission,electric,1
2402,current,research,1
2403,current,guide,1
2404,current,block,1
2405,machines,p19371,1
2406,p19371,observe,1
2407,circuit,construct,1
2408,insulating,material,1
2409,interpret,data,1
2410,interpret,study,1
2411,interpret,find,1
2412,interpret,information,1
2413,interpret,analyse,1
2414,formulate,question,1
2415,formulate,hypothesis,1
2416,orient,inquiry,1
2417,orient,specific,1
2418,preestablishing,strategy,1
2419,procedure,present,1
2420,procedure,collect,1
2421,procedure,framework,1
2422,pose,teacher,1
2423,pose,challenge,1
2424,focal,domain,1
2425,domain,physics,2
2426,fsl,aim,1
2427,fsl,support,1
2428,fsl,specific,1
2429,fsl,built,1
2430,fsl,approach,1
2431,fsl,physics,1
2432,directly,object,1
2433,directly,observable,1
2434,action,classroom,1
2435,action,within,1
2436,action,means,1
2437,action,mutual,1
2438,iterative,cycles,1
2439,cycles,investigate,1
2440,relatively,short,1
2441,relatively,early,1
2442,ready,available,2
2443,available,observe,1
2444,available,material,1
2445,available,early,1
2446,available,assist,1
2447,ramps,toy,1
2448,ramps,sub,1
2449,ramps,assignment,1
2450,toy,see,1
2451,toy,work,1
2452,toy,get,1
2453,toy,object,1
2454,toy,figure,1
2455,toy,eg,1
2456,toy,connect,1
2457,toy,energy,1
2458,toy,cars,1
2459,toy,newtons,1
2460,toy,lift,1
2461,toy,rubber,1
2462,toy,car,1
2463,toy,disassembled,1
2464,cars,balls,1
2465,balls,ramps,2
2466,big,idea,3
2467,properties,use,1
2468,properties,living,1
2469,properties,solids,1
2470,properties,object,1
2471,properties,water,1
2472,properties,sound,1
2473,properties,matter,1
2474,properties,balls,1
2475,gravity,potential,4
2476,pressure,air,1
2477,pressure,buoyancy,1
2478,air,sink,1
2479,air,pressure,1
2480,air,example_child,1
2481,air,tasting,1
2482,buoyancy,child,1
2483,buoyancy,friction,1
2484,momentum,within,1
2485,pck,science,1
2486,pck,relate,1
2487,family,picture,1
2488,family,education,1
2489,family,kindergartener,1
2490,family,3,1
2491,family,snail,1
2492,family,character,1
2493,sub,topic,4
2494,flow,sink,2
2495,incline,built,1
2496,incline,example,1
2497,relevance,activity,1
2498,relevance,investigate,1
2499,relevance,background,1
2500,relevance,concept,1
2501,relevance,science,1
2502,relevance,subject,1
2503,relevance,everyday,1
2504,sinks,floats,2
2505,floats,water,2
2506,weight,volume,2
2507,volume,object,1
2508,volume,changing,1
2509,volume,shape,1
2510,volume,earth,1
2511,changing,object,1
2512,changing,weight,1
2513,total,four,1
2514,total,volume,1
2515,total,32,1
2516,total,eight,1
2517,total,erased,1
2518,penny,need,1
2519,penny,bowl,1
2520,penny,changing,1
2521,penny,spill,1
2522,shape,activity,1
2523,shape,investigate,1
2524,shape,different,1
2525,shape,change,1
2526,shape,elicit,1
2527,shape,size,1
2528,shape,etc,1
2529,shape,weight,1
2530,shape,experiencing,1
2531,shape,junior,1
2532,shape,logistic,1
2533,hence,whether,1
2534,capable,learn,1
2535,relational,concept,1
2536,abstract,science,1
2537,abstract,young,1
2538,precursor,concept,1
2539,sizevolume,type,1
2540,smithwiserandersonkrajcik2006,well,1
2541,accessible,concept,1
2542,observable,properties,1
2543,foundation,explicit,1
2544,later,ask,1
2545,later,school,1
2546,later,guide,1
2547,later,take,1
2548,later,curriculum,1
2549,later,time,1
2550,later,life,1
2551,additionfsl,provide,1
2552,heavybig,thing,1
2553,lightsmall,thing,1
2554,vice,versa,1
2555,versa,know,1
2556,helping,child,1
2557,notice,one,1
2558,notice,observe,1
2559,notice,curious,1
2560,notice,yesterday,1
2561,handling,nonheavy,1
2562,nonheavy,heavy,1
2563,heavy,focus,1
2564,heavy,object,1
2565,heavy,full,1
2566,heavy,rain,1
2567,assignments,13,2
2568,course,session,1
2569,course,subsequent,1
2570,course,traversing,1
2571,require,teacher,1
2572,assignment,provide,1
2573,assignment,4,1
2574,13,include,1
2575,13,girl,1
2576,13,balls,1
2577,eer,cycle,1
2578,integrate,mathematical,2
2579,talk,different,2
2580,tips,science,1
2581,talks,phase,1
2582,record,data,3
2583,child’s,explore,1
2584,references,read,1
2585,dap,guide,1
2586,discipline,enhance,1
2587,discipline,mathematical,1
2588,mathematical,science,4
2589,copplebredekamp2009,tu2006,1
2590,tu2006,twostep,1
2591,twostep,random,1
2592,random,choice,1
2593,random,thing,1
2594,random,ladybug,1
2595,ladybug,ask,1
2596,ladybug,adventure,1
2597,ladybug,rail,1
2598,ladybug,crawl,1
2599,adventure,day,1
2600,rail,next,1
2601,finger,walk,1
2602,mulch,say,1
2603,mulch,oh,1
2604,goodness,ladybug,1
2605,30minute,activity,1
2606,crawl,arms,1
2607,arms,take,1
2608,turns,fly,1
2609,fly,away,1
2610,fly,trap,1
2611,away,observe,1
2612,away,resonant,1
2613,threestep,today,1
2614,actual,see,1
2615,actual,made,1
2616,actual,outside,1
2617,actual,dug,1
2618,dug,rock,1
2619,hand,eg,1
2620,hand,random,1
2621,keep,rock,1
2622,keep,record,1
2623,keep,count,1
2624,cubby,talk,1
2625,clean,dirty,1
2626,clean,terrarium,1
2627,dirty,rock,2
2628,cold,understand,1
2629,cold,just,1
2630,cold,warm,1
2631,warm,put,1
2632,face,cold,1
2633,spur,moment,1
2634,moment,child,1
2635,moment,become,1
2636,moment,teach,1
2637,fourstep,outside,1
2638,hole,say,2
2639,ground,observe,1
2640,ground,found,1
2641,ground,notice,1
2642,ground,everything,1
2643,ground,example_child,1
2644,yesterday,know,1
2645,ant,might,2
2646,little,boy,1
2647,little,responsibility,1
2648,little,hole,1
2649,little,orange,1
2650,little,scent,1
2651,orange,sand,1
2652,sand,look,1
2653,sand,construct,1
2654,sand,funnels,1
2655,dirt,little,1
2656,house,live_habitat,1
2657,animal,behavior,7
2658,mole,kind,1
2659,mole,hole,1
2660,naming,different,1
2661,rabbits,sometimes,1
2662,fivestep,get,1
2663,dig,ground,1
2664,everything,result,1
2665,everything,real,1
2666,everything,go,1
2667,everything,happen,1
2668,every,day,2
2669,every,year,2
2670,porch,lined,1
2671,lined,watch,1
2672,workers,work,1
2673,sequence,inquiry,1
2674,sequence,learn,1
2675,sequence,phase,1
2676,sequence,game,1
2677,t,use,1
2678,report,reflect,1
2679,report,class,1
2680,report,now,1
2681,report,curriculum,1
2682,report,highlight,1
2683,report,rain,1
2684,highlight,need,1
2685,full,air,1
2686,full,heavy,1
2687,full,circle,1
2688,full,rain,1
2689,circle,simple,1
2690,circle,time,1
2691,sufficient,help,1
2692,gain,understand,1
2693,gain,science,1
2694,gain,handson,1
2695,gain,age,1
2696,gain,since,1
2697,gain,score,1
2698,six,lesson,1
2699,six,year,1
2700,six,halfday,1
2701,footprints,2,1
2702,footprints,discover,1
2703,footprints,fur,1
2704,footprints,bear,1
2705,footprints,trace,1
2706,fur,teacher,1
2707,fur,evidence,1
2708,fur,paw,1
2709,fur,hair,1
2710,paw,print,3
2711,fingerprint,investigate,1
2712,fingerprint,class,1
2713,fingerprint,5,1
2714,fingerprint,discover,1
2715,fingerprint,4,1
2716,bear,hunt,3
2717,bear,picnic,3
2718,teddy,bear,3
2719,picnic,whole,1
2720,picnic,first,1
2721,trace,water,1
2722,trace,compare,1
2723,hair,color,1
2724,hair,discover,1
2725,hair,muddy,1
2726,gloves,age,1
2727,gloves,tongs,1
2728,gloves,socks,1
2729,tongs,snaplock,1
2730,snaplock,bag,1
2731,honey,paw,1
2732,behind,evidence,1
2733,c,example_child,2
2734,d,child,1
2735,d,extend,1
2736,d,close,1
2737,feature,epistemic,1
2738,feature,human,1
2739,human,activity,1
2740,human,interaction,1
2741,human,animal,1
2742,parts,plant,1
2743,parts,body,1
2744,contact,leaving,1
2745,priority,develop,1
2746,forefront,use,1
2747,daily,life,1
2748,life,cycle,5
2749,immediate,surround,1
2750,surround,opportunity,1
2751,mne2013,program,1
2752,universal,value,1
2753,account,behavior,1
2754,account,family,1
2755,cepnietal2006,skill,1
2756,divided,group,1
2757,divided,three,1
2758,birth,play,1
2759,birth,frequent,1
2760,frequent,group,1
2761,frequent,among,1
2762,frequent,naive,1
2763,frequent,repeat,1
2764,estimation,category_classify,1
2765,measurement,use,2
2766,measurement,experiment,2
2767,measurement,result,2
2768,measurement,time,2
2769,measurement,record,2
2770,problemsolving,four,1
2771,problemsolving,develop,1
2772,problemsolving,start,1
2773,problemsolving,thinking,1
2774,howejones1998,hypothesis,1
2775,check,eat,1
2776,check,skill,1
2777,check,measurement,1
2778,period,see,1
2779,period,lind2000,1
2780,lind2000,according,1
2781,kefietal2013,possible,1
2782,met,include,1
2783,select,modify,2
2784,didactical,approach,1
2785,magnetism,properties,1
2786,dissolving,water,1
2787,evaporate,record,1
2788,evaporate,rain,1
2789,rain,measurement,2
2790,rain,gauge,2
2791,rain,fall,2
2792,rainbows,gravity,1
2793,plus,topic,1
2794,earth,science,3
2795,earth,crust,3
2796,moon,sun,1
2797,sun,phenomenon,1
2798,night,understand,1
2799,night,biology,1
2800,dealt,topic,1
2801,outer,space,1
2802,treated,text,1
2803,namely,teacher,1
2804,reads,text,2
2805,bathtub,holding,1
2806,empty,bucket,1
2807,empty,jars,1
2808,empty,container,1
2809,bucket,water,1
2810,bucket,try,1
2811,bucket,full,1
2812,push,downwards,1
2813,push,example_child,1
2814,downwards,water,1
2815,jackets,child,1
2816,reaction,indicate,1
2817,indicate,mental,1
2818,indicate,moderate,1
2819,transported,world,1
2820,carry,investigate,1
2821,carry,different,1
2822,precluded,predict,1
2823,mere,guesses,1
2824,guesses,child,1
2825,guesses,result,1
2826,furthermore,practice,1
2827,proving,right,1
2828,wrong,without,1
2829,linked,state,1
2830,linked,idea,1
2831,ones,snail,2
2832,alternative,idea,2
2833,accepted,science,1
2834,anthropomorphic,idea,2
2835,code,observe,1
2836,code,scheme,1
2837,scheme,inquiry,1
2838,frequency,present,1
2839,frequency,observe,1
2840,frequency,least,1
2841,frequency,count,1
2842,count,number,2
2843,french2004,mcclain2014,1
2844,mcclain2014,vandermaaspeelermcclain2016,1
2845,vandermaaspeelermcclain2016,define,1
2846,parsed,basic,1
2847,chisquared,analyse,1
2848,fisherfreemanhalton,exact,1
2849,exact,test,1
2850,fet,use,1
2851,low,volume,1
2852,low,frequency,1
2853,low,slat,1
2854,column,table,1
2855,foster,interest,1
2856,foster,ensuing,1
2857,foster,community,1
2858,community,set,1
2859,community,engage,1
2860,community,third,1
2861,parents,involvement,1
2862,involvement,education,1
2863,involvement,longterm,1
2864,edwardsetal2011,inanetal2010,1
2865,coconstruct,meaning,1
2866,inquisitiveness,explore,1
2867,garden,snail,2
2868,paint,make,1
2869,paint,8,1
2870,paint,5,1
2871,paint,two,1
2872,paint,6,1
2873,paint,7,1
2874,paint,3,1
2875,paint,family,1
2876,paint,sit,1
2877,paint,mixing,1
2878,paint,cellophane,1
2879,paint,yellow,1
2880,paint,green,1
2881,wood,sculptures,1
2882,wood,garlic,1
2883,wood,fence,1
2884,language,art,2
2885,boatride,nickeldrop,1
2886,nickeldrop,pennyspill,1
2887,surfacetension,water,1
2888,folds,faults,2
2889,faults,study_teacher,1
2890,layer,earth,2
2891,crust,first,1
2892,crust,layer,1
2893,crust,crosscut,1
2894,crosscut,playdoh,1
2895,23yearold,africanamerican,1
2896,highest,gain,1
2897,score,earth,1
2898,46,year,1
2899,46,study_teacher,1
2900,21,student,1
2901,21,1stgrade,1
2902,1stgrade,africanamerican,1
2903,1stgrade,engage,1
2904,1stgrade,difficult,1
2905,urban,primary,1
2906,foldsfaults1996,came,1
2907,came,set,1
2908,came,internet,1
2909,came,ies2001,1
2910,internet,research,1
2911,internet,made,1
2912,internet,previous,1
2913,internet,answer,1
2914,kwl,chart,1
2915,chart,student,1
2916,brainstormed,student,1
2917,told,play,1
2918,earthlinks,staff,1
2919,staff,discuss,1
2920,staff,student,1
2921,staff,particular,1
2922,flattened,four,1
2923,stacked,vertically,1
2924,vertically,represent,1
2925,sliced,crosssections,1
2926,crosssections,compress,1
2927,compress,rock,1
2928,compress,stretch,1
2929,compress,rubber,1
2930,compress,springphysics,1
2931,40yearold,white,1
2932,white,stripes,2
2933,decline,earth,1
2934,stir,m,1
2935,27,indicate,1
2936,moderate,use,1
2937,2ndgrade,class,2
2938,11,reflect,1
2939,11,boy,1
2940,10,girl,1
2941,10,cardinal,1
2942,asian,19,1
2943,19,take,1
2944,19,white,1
2945,suburban,school,1
2946,district,science,1
2947,ies2001,curriculum,1
2948,tension,three,1
2949,boat,ride,2
2950,ride,piece,1
2951,ride,nickel,1
2952,nickel,keep,1
2953,nickel,drop,1
2954,drop,liquid,1
2955,drop,take,1
2956,drop,penny,1
2957,drop,rain,1
2958,spill,occur,1
2959,spill,keep,1
2960,spill,boat,1
2961,tub,water,3
2962,soap,released,1
2963,released,near,1
2964,causing,paper,1
2965,forward,others,1
2966,forward,across,1
2967,forward,seem,1
2968,eyedropper,put,1
2969,ran,third,1
2970,dropped,penny,1
2971,tallying,integrate,1
2972,episodes,present,1
2973,episodes,follow,1
2974,another,group,1
2975,another,way,1
2976,another,area,1
2977,another,example,1
2978,differentiate,observation,2
2979,exemplarity,science,1
2980,core,inquiry,1
2981,core,state,1
2982,core,design,1
2983,core,concept,1
2984,method,science,1
2985,compatibility,concept,1
2986,several,year,2
2987,several,toy,2
2988,close,begin,1
2989,close,guide,1
2990,close,child,1
2991,close,observation,1
2992,close,observe,1
2993,close,analyse,1
2994,consist,three,1
2995,consist,show,1
2996,consist,design,1
2997,consist,simple,1
2998,consist,total,1
2999,consist,tub,1
3000,consist,4s,1
3001,consist,routine,1
3002,consist,bent,1
3003,stations,water,1
3004,stations,consist,1
3005,stations,setup,1
3006,presumed,concept,1
3007,respect,science,1
3008,respect,predict,1
3009,restructuring,toward,1
3010,restructuring,concept,1
3011,personal,interest,1
3012,personal,social,1
3013,health,physical,1
3014,colonies,hypothesis,1
3015,spring,rock,1
3016,spring,approach,1
3017,sit,get,1
3018,sit,paint,1
3019,touched,mathematical,1
3020,varying,social,1
3021,varying,distances,1
3022,distances,consider,1
3023,resonant,lloydgray2014,1
3024,lloydgray2014,learn,1
3025,always,constant,1
3026,always,discreetly,1
3027,always,markedly,1
3028,always,linear,1
3029,discreetly,identify,1
3030,requisite,curriculum,1
3031,emerge,natural,1
3032,emerge,goal,1
3033,emerge,include,1
3034,emerge,sense,1
3035,emerge,analyse,1
3036,emerge,close,1
3037,stating,now,1
3038,stating,bi,1
3039,bi,think,1
3040,attribute,know,1
3041,attribute,appear,1
3042,clipboards,write,1
3043,prominent,theme,1
3044,theme,teacher,1
3045,theme,grow,1
3046,theme,provide,1
3047,theme,emerge,1
3048,theme,encapsulated,1
3049,sentiment,kindergarten,1
3050,encapsulated,subthemes,1
3051,subthemes,engage,1
3052,32,test,1
3053,klipspringer,bearded,1
3054,bearded,dragon,1
3055,dragon,vulture,1
3056,vulture,etc,1
3057,succulent,plant,1
3058,venus,fly,1
3059,trap,cactus,1
3060,cactus,etc,1
3061,immobile,artifact,1
3062,artifact,eg,2
3063,handoperated,egg,1
3064,beater,antique,1
3065,antique,tool,1
3066,garlic,press,1
3067,mobile,artifact,1
3068,mechanical,toy,2
3069,newtons,cradle,1
3070,cradle,etc,1
3071,eight,object,1
3072,employ,teacher,1
3073,employ,one,1
3074,warmup,phase,1
3075,4s,realtime,1
3076,realtime,video,1
3077,clip,display,1
3078,clip,board,1
3079,laptop,computer,1
3080,photosynthesis,role,1
3081,prepping,add,1
3082,likeaffect,role,1
3083,likeaffect,aspect,1
3084,likeaffect,frog,1
3085,likeaffect,swim,1
3086,removed,expectation,1
3087,expectation,science,1
3088,expert,thorough,1
3089,thorough,knowledge,1
3090,base,yet,1
3091,yet,ensured,1
3092,ensured,correct,1
3093,assist,teacher,1
3094,assist,investigate,1
3095,assist,child,1
3096,gloop,activity,1
3097,flour,water,1
3098,flour,without,1
3099,flour,measurement,1
3100,flour,came,1
3101,watched,adult,1
3102,aprons,laid,1
3103,chairs,child,1
3104,access,resource,1
3105,mixing,blue,3
3106,inviting,child,1
3107,join,intwo,1
3108,intwo,child,1
3109,risk,take,1
3110,risk,try,1
3111,sean,shark,1
3112,shark,learn,1
3113,disposition,help,1
3114,disposition,consider,1
3115,disposition,promote,1
3116,malcolm,meerkat,1
3117,meerkat,learn,1
3118,bertie,bee,1
3119,bee,staff,1
3120,teamwork,develop,1
3121,strive,teach,1
3122,strive,integrate,1
3123,problem,make,2
3124,problem,choice,2
3125,problem,test,2
3126,problem,explain,2
3127,computational,think,1
3128,useful,pd,1
3129,pd,experience,1
3130,pd,focus,1
3131,ngss,explicit,1
3132,ngss,mathematical,1
3133,ngss,suggest,1
3134,suggest,student,1
3135,suggest,explicit,1
3136,grade,2,1
3137,grade,student,1
3138,grade,facilitate,1
3139,carefully,plan,1
3140,carefully,thing,1
3141,capitalize,dynamic,1
3142,capitalize,emerge,1
3143,capitalize,phenomenology,1
3144,unable,engage,1
3145,onetoone,correspond,1
3146,magnitude,number,1
3147,vandewalle,karpbaywilliams2010,1
3148,karpbaywilliams2010,integrate,1
3149,struggle,foundational,1
3150,foundational,number,1
3151,lack,alignment,1
3152,alignment,student,1
3153,alignment,science,1
3154,techniques,employ,1
3155,baxteretal2014,ngss,1
3156,recognise,student,1
3157,criterion,select,2
3158,vignette,examine,1
3159,armchair,analyse,1
3160,critical,aspect,1
3161,critical,include,1
3162,critical,analyse,1
3163,critical,incidents,1
3164,firsthand,experience,1
3165,firsthand,interaction,1
3166,excerpt,child,1
3167,excerpt,enactment,1
3168,excerpt,botany,1
3169,botany,curriculum,2
3170,botany,animal,2
3171,midpoint,end,1
3172,power,think,1
3173,fundamental,important,1
3174,assume,primary,2
3175,assume,responsibility,2
3176,privileged,place,1
3177,seem,already,1
3178,seem,critical,1
3179,seem,strong,1
3180,middle,botany,1
3181,dyads,concept,1
3182,dyads,assume,1
3183,critique,study,1
3184,component,science,1
3185,puzzle,design,1
3186,puzzle,behavior,1
3187,puzzle,ant,1
3188,puzzle,emerge,1
3189,amazon,ant,4
3190,traversing,environment,1
3191,grandfather,consider,1
3192,grandfather,first,1
3193,grandfather,notice,1
3194,consistent,follow,1
3195,consistent,collaborative,1
3196,consistent,current,1
3197,path,back,1
3198,anthill,take,1
3199,anthill,return,1
3200,clues,use,1
3201,difficult,understand,1
3202,offer,child,1
3203,offer,day,1
3204,offer,many,1
3205,cuts,discuss,1
3206,accordance,function,2
3207,mayrs,representation,1
3208,phenomenology,seed,1
3209,phenomenology,generate,1
3210,ii,generate,1
3211,smell,hypothesis,1
3212,smell,air,1
3213,smell,snorting,1
3214,frame,design,2
3215,come,way,1
3216,come,science,1
3217,come,exist,1
3218,come,shell,1
3219,scent,beyond,1
3220,beyond,go,1
3221,beyond,traditional,1
3222,return,follow,1
3223,return,accounting,1
3224,disperse,investigate,1
3225,disperse,instruct_guide,1
3226,disperse,different,1
3227,disperse,6,1
3228,disperse,take,1
3229,disperse,grounded,1
3230,disperse,continue,1
3231,disperse,just,1
3232,disperse,1stgrade,1
3233,disperse,frame,1
3234,disperse,issue,1
3235,disperse,wind,1
3236,issue,one,1
3237,issue,explore,1
3238,issue,seed,1
3239,issue,disperse,1
3240,either,look,1
3241,either,plastic,1
3242,either,resonated,1
3243,synopsis,built,1
3244,interplay,scaffold,1
3245,pursuing,question,1
3246,maximal,support,1
3247,maximal,illstructured,1
3248,illstructured,investigate,1
3249,illstructured,increase,1
3250,demand,child,1
3251,demand,epistemic,1
3252,enterprise,made,1
3253,strong,sometimes,1
3254,strong,associate,1
3255,strong,metacognition,1
3256,metacognition,emphasize,1
3257,metacognition,involve,1
3258,markedly,different,1
3259,extent,gulf,1
3260,gulf,practice,1
3261,costs,child,1
3262,manipulation,observe,1
3263,manipulation,degree,1
3264,expertise,develop,1
3265,decreasing,degree,1
3266,responsible,inquiry,1
3267,methodology,control,1
3268,methodology,challenge,1
3269,methodology,issue,1
3270,something,new,3
3271,rats,environment,1
3272,rats,behavior,1
3273,rats,guinea,1
3274,guinea,pig,1
3275,pig,enable,1
3276,pig,enclosure,1
3277,pig,brown,1
3278,gradually,take,1
3279,prototype,activity,2
3280,turn,study,1
3281,turn,different,1
3282,turn,two,1
3283,biodiversity,survival,1
3284,collections,turn,1
3285,suited,three,1
3286,suited,disperse,1
3287,acorn,milkweed,1
3288,acorn,sunflower,1
3289,milkweed,seed,2
3290,sunflower,seed,1
3291,rat,support,1
3292,rat,become,1
3293,rat,behavior,1
3294,conjunction,challenge,1
3295,easelpad,discuss,1
3296,list,collaborative,1
3297,appear,child,1
3298,appear,straight,1
3299,straight,forward,1
3300,instance,disagree,1
3301,instance,snail,1
3302,disagree,whether,1
3303,disagree,tifinatalelombardi2006,1
3304,jumps,head,1
3305,head,hole,2
3306,distinction,handson,1
3307,distinction,head,1
3308,example_animal,behavior,1
3309,example_animal,3,1
3310,stimulus,change,1
3311,source,variability,1
3312,variability,want,1
3313,avoid,add,1
3314,snail,project,4
3315,flexible,design,1
3316,flexible,object,1
3317,flexible,longterm,1
3318,parallel,metz2011,2
3319,metz2011,child,1
3320,metz2011,principle,1
3321,reworded,fit,1
3322,fit,within,1
3323,fit,empirical,1
3324,fit,context,1
3325,triggers,interest,1
3326,triggers,critical,1
3327,prolonged,immersion,1
3328,immersion,problem,1
3329,months,study_month,1
3330,study_month,rich,1
3331,rich,domain,1
3332,entwined,built,1
3333,hermaphrodite,body,1
3334,mouthparts,radula,1
3335,radula,process,1
3336,shell,table,1
3337,shell,child,1
3338,shell,everyday,1
3339,shell,healed,1
3340,reproduced,table,1
3341,s1,involve,1
3342,european,snail,1
3343,european,country,1
3344,helix,aspersa,1
3345,aspersa,reaching,1
3346,reaching,length,1
3347,length,weight,1
3348,length,2835mm,1
3349,2835mm,2,1
3350,responses,three,1
3351,city,clear,1
3352,city,recordings,1
3353,city,farm,1
3354,countryside,many,1
3355,houses,garden,1
3356,abundant,pest,1
3357,pest,know,1
3358,greens,cabbage,1
3359,cabbage,collard,1
3360,collard,leaves,1
3361,withdraw,shell,1
3362,routine,include,1
3363,routine,song,1
3364,charge,clean,1
3365,terrarium,wetting,1
3366,wetting,snail,1
3367,timeline,sustained,1
3368,productions,home,1
3369,productions,attendance,1
3370,attendance,always,1
3371,25,19,1
3372,accounting,different,1
3373,hearing,place,1
3374,stayed,classroom,1
3375,stayed,silence,1
3376,silence,fewminute,1
3377,silence,noise,1
3378,fewminute,made,1
3379,noise,1,1
3380,noise,compare,1
3381,shouting,2,1
3382,banging,two,1
3383,tambourine,snail,1
3384,spontaneous,move,1
3385,spontaneous,discover,1
3386,lettuce,pulling,1
3387,pulling,potato,1
3388,potato,either,1
3389,strainer,cardboard,1
3390,cart,attached,1
3391,attached,snail,1
3392,5week,curriculum,1
3393,5week,period,1
3394,cellophane,sheer,1
3395,sheer,scarves,1
3396,scarves,color,1
3397,song,use,1
3398,song,concept,1
3399,song,thing,1
3400,song,explain,1
3401,song,energy,1
3402,song,rollcall,1
3403,rollcall,teacher,1
3404,storybook,read,1
3405,leadteacher,video,1
3406,tell,girl,2
3407,tell,possible,2
3408,tell,curi,2
3409,depict,curi,2
3410,curi,green,3
3411,character,narrative,1
3412,narrative,task,1
3413,narrative,assess,1
3414,pouring,blue,1
3415,blue,yellow,3
3416,yellow,paint,4
3417,separate,two,1
3418,separate,jars,1
3419,jars,one,1
3420,jars,look,1
3421,container,table,1
3422,container,student,1
3423,container,water,1
3424,container,front,1
3425,container,sand,1
3426,green,paint,5
3427,side,picture,1
3428,side,air,1
3429,side,example_child,1
3430,left,ask,1
3431,left,distinction,1
3432,sentence,2,1
3433,sentence,1,1
3434,search,add,1
3435,search,teacher,1
3436,search,possible,1
3437,14,learn,1
3438,14,way,1
3439,14,now,1
3440,teacherresearchers,reflect,1
3441,delivering,predetermined,1
3442,predetermined,end,1
3443,predetermined,content,1
3444,predetermined,curriculum,1
3445,adopt,strategy,1
3446,adopt,important,1
3447,amazement,opportunity,1
3448,stereotype,now,1
3449,exactly,facilitate,1
3450,separately,one,1
3451,erased,practice,1
3452,experiential,thing,1
3453,someone,tell,1
3454,mistakes,aim,1
3455,forget,aim,1
3456,household,tool,1
3457,turkeybaster,clear,1
3458,connectors,funnels,1
3459,funnels,one,1
3460,funnels,water,1
3461,fishing,many,1
3462,reservation,engage,1
3463,winter,provide,1
3464,excellent,opportunity,1
3465,butterfly,inquiry,1
3466,butterfly,b,1
3467,butterfly,life,1
3468,butterfly,proximal,1
3469,proximal,assess,1
3470,example_child,say,3
3471,guitar,c,1
3472,dancing,2,1
3473,frog,show,2
3474,fish,three,1
3475,fish,show,1
3476,fish,picture,1
3477,fish,likeaffect,1
3478,fish,black,1
3479,black,white,2
3480,stripes,b,1
3481,stripes,fish,1
3482,goldfish,home,1
3483,swim,group,1
3484,red,ball,1
3485,red,c,1
3486,rest,three,1
3487,rest,lesson,1
3488,bounce,b,1
3489,dress,green,1
3490,teeter,totter,3
3491,totter,example_child,2
3492,standing,beside,1
3493,beside,listen,1
3494,duck,egg,1
3495,goose,egg,1
3496,remember,see,1
3497,notebook,use,1
3498,notebook,b,1
3499,notebook,preserve,1
3500,magnifying,glass,1
3501,stopwatch,8,1
3502,microscope,b,1
3503,gauge,c,2
3504,scale,9,1
3505,hot,outside,1
3506,hot,cold,1
3507,hot,something,1
3508,thermometer,b,1
3509,pan,scale,1
3510,academic,standard,1
3511,englishlanguage,art,1
3512,nationalassociationeducationyoungchildren2003,school,1
3513,monarch,life,1
3514,monarch,butterfly,1
3515,monarch,larvae,1
3516,slp,implement,1
3517,slp,integrate,1
3518,twice,week,1
3519,samarapungavanetal2008,detail,1
3520,intervention,part,1
3521,preinquiry,activity,1
3522,incorporated,text,1
3523,larvae,grow,1
3524,larvae,milkweed,1
3525,insects,extend,1
3526,postinquiry,activity,1
3527,posters,science,1
3528,posters,share,1
3529,systematize,learn,1
3530,trip,near,1
3531,devices,inscriptional,1
3532,inscriptional,tool,2
3533,revise,knowledge,1
3534,insitu,child,1
3535,hardwired,instruction,1
3536,predesigned,team,1
3537,onset,instruction,1
3538,discourse,structure,1
3539,discourse,model,1
3540,discourse,science,1
3541,discourse,form,1
3542,discourse,interaction,1
3543,hints,question,1
3544,hints,reminders,1
3545,inq,teacher,1
3546,reminders,child,1
3547,board,posters,1
3548,board,clothespin,1
3549,preserve,public,1
3550,main,area,2
3551,derived,indicators,1
3552,indicators,science,1
3553,indicators,program,1
3554,indicators,life,1
3555,indicators,turkish,1
3556,born,develop,1
3557,die,understand,1
3558,stem,root,1
3559,root,leaf,1
3560,leaf,flower,1
3561,physicsproperties,object,1
3562,heat,temperature,1
3563,linear,model,1
3564,linear,relation,1
3565,sizes,masses,1
3566,masses,object,1
3567,magnets,interaction,1
3568,people,hear,1
3569,people,television,1
3570,ears,understand,1
3571,high,low,1
3572,daytime,nighttime,1
3573,turkish,kindergartener,1
3574,basis,science,1
3575,basis,think,1
3576,suggestions,solution,4
3577,solution,problem,6
3578,suggestion,solution,2
3579,datapredict,result,2
3580,nonstandard,unit,2
3581,3year,project,1
3582,country,state,1
3583,country,child,1
3584,country,luxembourg,1
3585,luxembourg,focus,1
3586,constructions,science,1
3587,indoor,activity,1
3588,indoor,one,1
3589,scenes,computer,1
3590,faucet,analyse,1
3591,herein,focus,1
3592,sole,outdoor,1
3593,setup,investigate,1
3594,quite,others,1
3595,quite,challenge,1
3596,quite,free,1
3597,borrowing,container,1
3598,doors,one,1
3599,grouptogroup,outdoor,1
3600,non-english-sentence,translate,1
3601,selforganized,activity,1
3602,mutual,interaction,1
3603,unfolding,dialogue,1
3604,dialogue,interaction,1
3605,done,within,1
3606,done,talk,1
3607,interactants,continue,1
3608,situate,interaction,1
3609,ash2004,share,1
3610,gallas1995,lemke1990,1
3611,lemke1990,dialectical,1
3612,dialectical,approach,1
3613,traditional,static,1
3614,static,linear,1
3615,systematic,interaction,1
3616,engestrommiettinen1999p9,framework,1
3617,hook,lift,1
3618,hook,huziakclark2007a,1
3619,lift,squeeze,2
3620,squeeze,stretch,6
3621,stretch,twist,7
3622,twist,introduce,2
3623,store,gravity,1
3624,store,elastic,1
3625,store,popup,1
3626,elastic,potential,4
3627,technical,term,1
3628,kinetic,energy,1
3629,flashlight,several,1
3630,flashlight,mechanical,1
3631,gasoline,electric,1
3632,rubber,band,4
3633,band,inside,1
3634,band,stretch,1
3635,band,paperclip,1
3636,band,airplane,1
3637,paperclip,hoppers,2
3638,springphysics,handson,1
3639,springphysics,inside,1
3640,springphysics,compress,1
3641,springphysics,rubber,1
3642,halfhourlong,lesson,1
3643,kinesthetic,activity,1
3644,hoppers,class,1
3645,hoppers,consist,1
3646,bybee1997,first,1
3647,windup,pullback,1
3648,pullback,popup,1
3649,popup,toy,3
3650,running,person,1
3651,person,concept,1
3652,car,plant,1
3653,car,incline,1
3654,car,turn,1
3655,television,get,1
3656,television,cartoon,1
3657,airplane,rubberbanddriven,1
3658,rubberbanddriven,propeller,1
3659,propeller,etc,1
3660,phrase,describe_ption,1
3661,phrase,squeeze,1
3662,handmotions,third,1
3663,disassembled,show,1
3664,bulb,add,1
3665,reinforce,key,1
3666,slap,bracelets,1
3667,bracelets,clip,1
3668,clothespin,illustrate,1
3669,bent,paperclip,1
3670,decorate,detail,1
3671,van,hook,1
3672,intent,child,1
3673,internship,timeframe,1
3674,timeframe,choice,1
3675,mini,project,1
3676,weather,affect,2
3677,journeyed,rain,1
3678,delving,water,1
3679,route,explore,1
3680,route,early,1
3681,regular,basis,1
3682,good,way,1
3683,good,think,1
3684,cup,end,1
3685,cup,observe,1
3686,cup,record,1
3687,cup,shaving,1
3688,cup,joint,1
3689,unfortunately,rain,1
3690,nonetheless,help,1
3691,ruler,see,1
3692,inches,next,1
3693,inches,rain,1
3694,equaled,learn,1
3695,fall,see,1
3696,fall,experiment,1
3697,shaving,cream,4
3698,cream,begin,1
3699,cream,water,1
3700,cream,top,1
3701,cream,cup,1
3702,cloud,get,2
3703,precipitation,choice,1
3704,attempt,demonstrate,1
3705,save,cup,1
3706,revisited,later,1
3707,graph,order,1
3708,graph,child,1
3709,online,able,1
3710,online,connect,1
3711,online,culminating,1
3712,recordings,state,1
3713,recordings,posted,1
3714,pride,country,1
3715,official,city,1
3716,posted,online,1
3717,deduce,state,1
3718,greatest,amount,1
3719,due,evaporate,1
3720,less,record,1
3721,less,report,1
3722,less,assume,1
3723,tampa,candice,1
3724,candice,say,1
3725,evaporated,quite,1
3726,culminating,activity,1
3727,wrap,learn,1
3728,experiencing,first,1
3729,experiencing,visual,1
3730,visit,city,1
3731,farm,stood,1
3732,stood,low,1
3733,slat,wood,1
3734,fence,chin,1
3735,chin,resting,1
3736,resting,upper,1
3737,upper,bar,1
3738,bar,staring,1
3739,staring,intently,1
3740,intently,pig,1
3741,enclosure,longterm,1
3742,uninterrupted,20minute,1
3743,20minute,become,1
3744,spent,try,1
3745,reconcile,first,1
3746,brown,longbodied,1
3747,longbodied,hair,1
3748,muddy,smell,1
3749,snorting,real,1
3750,round,pink,1
3751,cuddly,entity,1
3752,entity,sense,1
3753,entity,bedroom,1
3754,bedroom,encountered,1
3755,bedtime,story,1
3756,study_scienctist,young,1
3757,study_scienctist,however,1
3758,study_scienctist,along,1
3759,sciencelike,possible,1
3760,sciencelike,early,1
3761,sciencelike,respect,1
3762,resonated,early,1
3763,youthful,dispositions,1
3764,dispositions,least,1
3765,nothing,science,1
3766,nothing,deter,1
3767,deter,eventually,1
3768,considerable,interest,1
3769,considerable,responsibility,1
3770,professional,scientist,1
3771,incidents,later,1
3772,retained,foster,1
3773,inclinations,second,1
3774,distilled,transform,1
3775,reworking,science,1
3776,article,science,1
3777,policies,curriculum,1
3778,gilbertzylberstajn1985,however,1
3779,tone,early,1
3780,transgressive,play,1
3781,processing,operate,1
3782,positive,encourage,1
3783,neither,personal,1
3784,irrespective,independent,1
3785,tifinatalelombardi2006,argue,1
3786,crucial,ingredient,1
3787,paid,spontaneous,1
3788,certainly,essential,1
3789,thorntonbruton2015,say,1
3790,reggio,approach,1
3791,reggio,predetermined,1
3792,shortterm,project,1
3793,p17,question,1
3794,provoke,thought,1
3795,inspire,reflect,1
3796,capricious,question,1
3797,fuel,instruct_guide,1
3798,inventive,process,1
3799,cook,something,1
3800,prisoners,conventional,1
3801,conventional,wisdom,2
3802,wisdom,day,1
3803,wisdom,conventional,1
3804,probing,question,1
3805,possibilities,give,1
3806,louis2008,p23,1
3807,p23,four,1
3808,serious,play,1
3809,tasting,flower,1
3810,nectar,feeling,1
3811,texture,smooth,1
3812,rolling,toy,1
3813,tower,look,1
3814,cicada,shell,1
3815,negotiation,reflect,1
3816,robson2012,needless,1
3817,needless,say,1
3818,schulz2012,say,1
3819,trade,instruction,1
3820,true,demonstrate,1
3821,x,main,1
3822,super,shooter,1
3823,shooter,amount,1
3824,subtraction,10,1
3825,cardinal,ordinal,1
3826,ordinal,number,1
3827,110,quantity,1
3828,quantity,every,1
3829,quantity,measurement,1
3830,insert,hercules,1
3831,hercules,cup,1
3832,joint,heavier,1
3833,heavier,3d,1
3834,3d,size,1
3835,junior,paint,1
3836,twins,shape,1
3837,visual,point,2
3838,logistic,supermarket,1
3839,supermarket,string,1
3840,string,necklaces,1
3841,necklaces,color,1
3842,sudoku,life,1
3843,induction,application,1
3844,initiate,inquiry,1
3845,partner,pretty,1
3846,pretty,gloves,1
3847,45,focus,1
3848,odd,even,1
3849,chopsticks,gloves,1
3850,socks,without,1
