L,Source,Target,Weight
1,practice,science,6
2,inquiry,learn,31
3,think,skill,3
4,pedagogy,tool,2
5,digital,media,4
6,age,opportunity,1
7,age,ask,1
8,age,give,1
9,age,early,1
10,age,effect,1
11,age,groupconcerning,1
12,age,36,1
13,opportunity,learn,2
14,reconsider,basic,1
15,basic,science,6
16,model,use,4
17,teacher,science,7
18,learn,cycle,11
19,one,transdisciplinary,2
20,start,point,5
21,point,interest,1
22,point,make,1
23,point,child,1
24,point,process,1
25,point,use,1
26,point,investigate,1
27,point,formulate,1
28,point,take,1
29,point,initial,1
30,point,observation,1
31,point,facilitate,1
32,point,view,1
33,point,embodied,1
34,point,kind,1
35,point,bruner,1
36,point,outeach,1
37,interest,learner,2
38,interest,question,2
39,learner,use,2
40,category_classify,explain,2
41,dewey,definition,3
42,conversation,want,2
43,communicate,find,2
44,communicate,process,2
45,find,thing,2
46,find,answer,2
47,thing,try,3
48,make,observation,8
49,construct,knowledge,4
50,construct,explanation,4
51,art,express,1
52,art,media,1
53,express,communicate,2
54,call,natural,1
55,call,science,1
56,natural,world,3
57,resource,uninvested,1
58,resource,problem,1
59,resource,information,1
60,resource,bring,1
61,resource,display,1
62,resource,respect,1
63,uninvested,capital,1
64,capital,upon,1
65,upon,depend,1
66,upon,fundamental,1
67,upon,way,1
68,upon,design,1
69,upon,manage,1
70,upon,contemporary,1
71,upon,kind,1
72,depend,active,1
73,depend,nature,1
74,active,engage,4
75,grow,child,1
76,grow,reflective,1
77,child,explore,12
78,dewey1956pp4748,dewey,1
79,state,child,2
80,similar,idea,1
81,similar,action,1
82,similar,phase,1
83,similar,object,1
84,similar,across,1
85,similar,different,1
86,similar,way,1
87,similar,physical,1
88,similar,observe,1
89,similar,function,1
90,similar,stimulate,1
91,similar,appear,1
92,idea,learn,3
93,idea,theory,3
94,idea,evidence,3
95,process,skill,8
96,form,inquiry,1
97,form,construct,1
98,form,stage,1
99,form,question,1
100,form,experience,1
101,form,new,1
102,form,guide,1
103,form,education,1
104,form,complete,1
105,form,understand,1
106,form,physical,1
107,form,collaborative,1
108,form,goal,1
109,form,often,1
110,form,instruction,1
111,form,leefradd1998,1
112,form,representation,1
113,form,visual,1
114,form,motion,1
115,form,schliebenlange1987,1
116,form,consequently,1
117,stage,learn,1
118,stage,reflective,1
119,stage,develop,1
120,stage,become,1
121,stage,articulate,1
122,stage,suggests,1
123,stage,synthesize,1
124,stage,able,1
125,stage,open,1
126,stage,interpret,1
127,stage,5e,1
128,stage,deem,1
129,stage,milleretal2013,1
130,stage,namely,1
131,reflective,action,2
132,action,world,2
133,definition,inquiry,4
134,latter,use,1
135,latter,tend,1
136,use,science,4
137,use,evidence,4
138,situation,context,2
139,provide,inquiry,2
140,provide,child,2
141,provide,appropriate,2
142,descriptive,account,1
143,descriptive,hypothesis,1
144,account,one,1
145,account,survival,1
146,account,new,1
147,account,domain,1
148,survival,world,1
149,world,around,10
150,control,instruct_guide,2
151,instruct_guide,transformation,2
152,transformation,indetermine,1
153,transformation,part,1
154,transformation,student,1
155,indetermine,situation,4
156,determine,child,1
157,determine,constitute,1
158,constitute,distinction,1
159,constitute,explore,1
160,constitute,present,1
161,constitute,time,1
162,distinction,relation,1
163,distinction,kindergartener,1
164,distinction,rely,1
165,relation,individual,2
166,relation,thinking,2
167,convert,element,1
168,element,inquiry,2
169,original,situation,1
170,original,constitute,1
171,original,question,1
172,unified,whole,2
173,whole,dewey,1
174,whole,reflect,1
175,whole,class,1
176,inspire,source,1
177,inspire,new,1
178,inspire,genuine,1
179,source,form,1
180,source,fundamental,1
181,source,early,1
182,fundamental,idea,1
183,fundamental,element,1
184,fundamental,understand,1
185,begin,interest,1
186,begin,path,1
187,begin,question,1
188,begin,develop,1
189,begin,take,1
190,begin,coalesce,1
191,begin,built,1
192,begin,circle,1
193,begin,young,1
194,spiral,path,1
195,path,inquiry,1
196,path,original,1
197,path,solution,1
198,path,understand,1
199,path,conclusion,1
200,path,explanation,1
201,path,represent,1
202,path,detect,1
203,path,higherlevel,1
204,envisioned,ask,1
205,ask,question,13
206,question,make,6
207,investigate,use,2
208,investigate,student,2
209,investigate,observe,2
210,investigate,built,2
211,solution,path,3
212,create,discuss,2
213,create,share,2
214,create,cognitive,2
215,discuss,reflect,3
216,discover,problem,2
217,discover,science,2
218,discover,explanation,2
219,experience,authentic,3
220,experience,phenomenon,3
221,reflect,ask,2
222,reflect,strong,2
223,new,knowledge,8
224,knowledge,science,4
225,follow,process,1
226,follow,ask,1
227,follow,guide,1
228,follow,every,1
229,follow,understand,1
230,follow,propose,1
231,follow,influence,1
232,follow,characteristic,1
233,follow,procedure,1
234,follow,obtain,1
235,brucebishop2002,phase,1
236,phase,teacher,3
237,leadership,child,3
238,next,generation,2
239,authentic,science,2
240,teachable,moment,1
241,moment,question,1
242,moment,become,1
243,explore,world,5
244,turn,interest,1
245,turn,leadership,1
246,brucedavidson1996,reflect,1
247,solve,problem,5
248,problem,solve,11
249,reformulating,problem,1
250,posing,new,1
251,posing,decision,1
252,close,tied,1
253,close,connect,1
254,tied,dialogue,1
255,dialogue,others,2
256,others,inquiry,1
257,others,learn,1
258,others,express,1
259,others,solution,1
260,others,experience,1
261,others,fact,1
262,others,early,1
263,others,well,1
264,others,articulate,1
265,others,elspethhuxley1959,1
266,others,moral,1
267,others,means,1
268,others,identify,1
269,others,nsta2004a,1
270,others,ultimate,1
271,cycle,model,2
272,present,follow,1
273,present,next,1
274,present,aspect,1
275,present,give,1
276,present,structure,1
277,present,pupils,1
278,present,within,1
279,present,report,1
280,present,detail,1
281,present,science,1
282,aspect,inquiry,5
283,need,grow,1
284,need,reflective,1
285,need,provide,1
286,need,create,1
287,need,support,1
288,need,arise,1
289,need,challenge,1
290,need,include,1
291,need,understand,1
292,need,encourage,1
293,need,set,1
294,need,incorporate,1
295,need,explicit,1
296,need,receptive,1
297,need,honour,1
298,need,maximize,1
299,support,child,4
300,success,engage,2
301,environment,child,3
302,serve,provocateur,2
303,boundary,object,1
304,object,make,2
305,object,material,2
306,object,confirm,2
307,object,float,2
308,stargriesmer1989,allow,1
309,allow,student,6
310,us,inquiry,4
311,relate,discourse,2
312,theory,learn,1
313,theory,child,1
314,theory,state,1
315,theory,world,1
316,theory,support,1
317,theory,ordinary,1
318,theory,take,1
319,theory,extend,1
320,theory,involve,1
321,theory,within,1
322,theory,promote,1
323,theory,constructivism,1
324,theory,adult,1
325,theory,predict,1
326,theory,emphasize,1
327,theory,eickreed2002,1
328,theory,put,1
329,theory,laws,1
330,ordinary,practice,1
331,look,carefully,3
332,across,different,2
333,modes,context,1
334,modes,thinking,1
335,context,learn,2
336,context,question,2
337,inform,source,1
338,inform,guide,1
339,inform,formal,1
340,inform,broad,1
341,guide,inquiry,12
342,education,experience,3
343,education,context,3
344,important,point,2
345,important,develop,2
346,note,merely,1
347,note,enormous,1
348,note,share,1
349,merely,suggestive,1
350,merely,enhance,1
351,suggestive,neither,1
352,neither,sole,1
353,neither,product,1
354,sole,allow,1
355,sole,complete,1
356,complete,rigid,1
357,complete,activity,1
358,rigid,characterization,1
359,characterization,inquiry,1
360,actual,inquiry,1
361,actual,seek,1
362,actual,primary,1
363,actual,laboratory,1
364,actual,ambivalent,1
365,rarely,proceeds,1
366,proceeds,experience,1
367,proceeds,simple,1
368,simple,make,3
369,linear,model,1
370,linear,fashion,1
371,linear,manner,1
372,linear,stepbystep,1
373,fashion,five,1
374,five,stage,1
375,five,phase,1
376,five,dimension,1
377,five,sense,1
378,five,week,1
379,dimension,inquiry,3
380,overlap,every,1
381,every,inquiry,1
382,every,category_classify,1
383,every,child,1
384,every,individual,1
385,every,domain,1
386,every,lesson,1
387,every,crevice,1
388,give,child,3
389,embed,others,1
390,embed,deep,1
391,embed,science,1
392,embed,assess,1
393,fact,use,1
394,fact,question,1
395,fact,knowledge,1
396,fact,nature,1
397,fact,will,1
398,fact,explanation,1
399,fact,2,1
400,fact,static,1
401,nature,inquiry,3
402,nature,science,3
403,mutual,reinforce,1
404,mutual,interaction,1
405,reinforce,interrelated,1
406,reinforce,concept,1
407,reinforce,multisensory,1
408,reinforce,brief,1
409,interrelated,despite,1
410,despite,complexity,1
411,despite,large,1
412,complexity,cycle,1
413,complexity,order,1
414,complexity,human,1
415,highlights,aspect,1
416,highlights,implicit,1
417,otherwise,opaque,1
418,opaque,process,1
419,reminds,teacher,2
420,reminds,us,2
421,develop,science,6
422,arise,experience,1
423,arise,reflect,1
424,arise,simple,1
425,arise,facilitate,1
426,arise,real,1
427,arise,modify,1
428,arise,directly,1
429,meaning,context,3
430,genuine,interest,2
431,reallife,experience,2
432,challenge,question,2
433,refer,knowledge,1
434,refer,part,1
435,refer,activity,1
436,refer,expand,1
437,refer,qualitative,1
438,refer,instruction,1
439,refer,establish,1
440,part,dewey,2
441,include,inquiry,3
442,individual,social,2
443,participate,model,3
444,community,goal,2
445,something,world,1
446,something,delivered,1
447,something,yet,1
448,something,harlanrivkin2008p4,1
449,delivered,simple,1
450,delivered,outside,1
451,outside,participate,1
452,example,explore,1
453,example,come,1
454,example,task,1
455,example,propose,1
456,example,water,1
457,example,endeavors,1
458,come,child,1
459,come,early,1
460,come,peck,1
461,come,light,1
462,come,empirical,1
463,come,exist,1
464,come,afterwards,1
465,early,childhood,21
466,study,early,3
467,computer,learn,1
468,computer,researcher,1
469,computer,primary,1
470,computer,vision,1
471,computer,microworld,1
472,computer,animation,1
473,researcher,teacher,1
474,researcher,follow,1
475,researcher,note,1
476,researcher,found,1
477,found,child,1
478,found,new,1
479,found,student,1
480,found,engage,1
481,found,approach,1
482,student,learn,6
483,become,evidence,2
484,engage,explore,4
485,bug,leadership,1
486,bug,computer,1
487,software,genuine,1
488,software,translate,1
489,behavior,across,1
490,behavior,bug,1
491,behavior,explanation,1
492,behavior,water,1
493,deep,inquiry,1
494,deep,engage,1
495,deep,concept,1
496,deep,structure,1
497,deep,worldview,1
498,programming,researcher,1
499,enormous,pedagogy,1
500,different,discipline,2
501,answer,question,4
502,someone,elses,1
503,elses,question,1
504,formulate,hypothesis,2
505,oldsschwartzwillie1980p40,important,1
506,caution,inquiry,1
507,caution,role,1
508,always,start,1
509,always,instruct_guide,1
510,always,take,1
511,always,aim,1
512,well,active,1
513,well,across,1
514,well,articulate,1
515,well,best,1
516,well,data,1
517,well,domain,1
518,well,limit,1
519,well,consider,1
520,well,plan,1
521,well,independent,1
522,well,detect,1
523,well,dialoaic,1
524,articulate,question,1
525,articulate,understand,1
526,articulate,work,1
527,articulate,science,1
528,articulate,test,1
529,articulate,claim,1
530,elspethhuxley1959,state,1
531,best,way,1
532,best,time,1
533,best,sense,1
534,best,commonly,1
535,best,linking,1
536,way,think,2
537,way,find,2
538,way,encourage,2
539,fire,question,1
540,like,adult,3
541,firing,gun,1
542,gun,bang,1
543,gun,p272,1
544,bang,goes,1
545,goes,everything,1
546,everything,take,1
547,take,place,5
548,flight,runs,1
549,runs,shelter,1
550,shelter,sit,1
551,sit,quite,1
552,quite,still,1
553,quite,contrary,1
554,still,play,1
555,still,times,1
556,still,set,1
557,still,fledgling,1
558,play,child,2
559,little,fact,1
560,little,possible,1
561,will,float,2
562,peck,round,1
563,round,feet,1
564,feet,situation,1
565,venture,forth,1
566,forth,thickets,1
567,thickets,intent,1
568,intent,made,2
569,intent,activity,2
570,creep,sun,1
571,sun,stone,1
572,stone,patient,1
573,patient,support,1
574,patient,will,1
575,see,happen,3
576,understand,science,13
577,great,deal,1
578,great,relevance,1
579,great,influence,1
580,great,depth,1
581,great,power,1
582,deal,new,1
583,deal,man,1
584,deal,local,1
585,deal,abstract,1
586,man,gun,1
587,p272,investigate,1
588,variety,experience,2
589,possible,way,1
590,possible,many,1
591,possible,observe,1
592,possible,continue,1
593,possible,effect,1
594,possible,6–8,1
595,possible,gain,1
596,many,process,1
597,many,form,1
598,many,way,1
599,many,concept,1
600,many,times,1
601,many,type,1
602,many,deboo2000,1
603,many,indicators,1
604,many,wattspedrosadejesus2006,1
605,suggests,opportunity,1
606,suggests,model,1
607,suggests,question,1
608,suggests,way,1
609,suggests,theoretical,1
610,suggests,science,1
611,require,diverse,1
612,require,particular,1
613,diverse,teacher,1
614,diverse,authentic,1
615,material,world,5
616,interaction,science,2
617,moral,dimension,1
618,physical,emotional,2
619,emotional,aesthetic,1
620,emotional,intellectual,1
621,aesthetic,practical,1
622,aesthetic,place,1
623,practical,dimension,1
624,practical,viability,1
625,inherent,inquiry,1
626,inherent,science,1
627,inherent,fascination,1
628,enhance,practice,1
629,enhance,addons,1
630,enhance,science,1
631,enhance,young,1
632,enhance,attainment,1
633,enhance,thinking,1
634,addons,investigate,1
635,gather,information,3
636,information,begin,1
637,information,discuss,1
638,information,important,1
639,information,study,1
640,information,gather,1
641,information,work,1
642,information,seek,1
643,information,explanation,1
644,information,oral,1
645,information,returned,1
646,craft,experiment,1
647,experiment,make,1
648,experiment,explore,1
649,experiment,way,1
650,experiment,observe,1
651,experiment,compare,1
652,experiment,analyse,1
653,experiment,skill,1
654,experiment,acquire,1
655,experiment,raise,1
656,experiment,fit,1
657,experiment,referenced,1
658,experiment,resolution,1
659,observe,child,2
660,interview,learner,1
661,interview,question,1
662,recast,question,1
663,refine,within,2
664,line,guide,1
665,line,query,1
666,query,teacher,2
667,plunge,new,1
668,anticipate,information,1
669,selfmotivated,process,1
670,owned,engage,1
671,picks,control,1
672,term,practice,1
673,term,inquiry,1
674,term,model,1
675,term,relation,1
676,term,problem,1
677,term,reminds,1
678,term,deep,1
679,term,task,1
680,term,two,1
681,term,regard,1
682,term,observable,1
683,term,history,1
684,means,express,1
685,means,active,1
686,means,support,1
687,means,develop,1
688,means,student,1
689,means,scaffold,1
690,handson,experience,3
691,handson,activity,3
692,imply,active,1
693,imply,understand,1
694,imply,less,1
695,creation,meaning,1
696,collaborative,model,2
697,collaborative,communicate,2
698,role,teacher,3
699,coalesce,learner,1
700,connect,digital,1
701,connect,ability,1
702,connect,social,1
703,connect,theoretical,1
704,connect,science,1
705,connect,evidence,1
706,connect,cognitive,1
707,connect,essential,1
708,connect,characteristic,1
709,connect,number,1
710,ability,think,1
711,ability,express,1
712,ability,stage,1
713,ability,use,1
714,ability,engage,1
715,ability,draw,1
716,ability,young,1
717,ability,map,1
718,synthesize,meaning,1
719,creative,think,1
720,creative,spark,1
721,creative,task,1
722,creative,outputs,1
723,creative,critical,1
724,spark,form,1
725,now,undertakes,1
726,now,online,1
727,now,pupils,1
728,now,design,1
729,now,expected,1
730,undertakes,creative,1
731,task,material,2
732,task,feature,2
733,shape,weight,2
734,significant,new,1
735,significant,phase,1
736,significant,nuanced,1
737,thought,make,2
738,extend,inquiry,1
739,extend,explore,1
740,extend,reinforce,1
741,extend,hisher,1
742,extend,activity,1
743,extend,adult,1
744,extend,elaborate,1
745,extend,revise,1
746,extend,beyond,1
747,hisher,understand,1
748,hisher,previous,1
749,previous,knowledge,7
750,implicit,part,1
751,implicit,awareness,1
752,personal,experience,2
753,social,natural,2
754,arrangements,community,1
755,involve,open,2
756,involve,science,2
757,listen,child,1
758,listen,process,1
759,listen,others,1
760,listen,interpret,1
761,enterprise,science,2
762,share,idea,2
763,share,knowledge,2
764,share,collaborative,2
765,share,data,2
766,share,critiqued,2
767,built,upon,2
768,built,early,2
769,relevance,context,1
770,relevance,study,1
771,relevance,personal,1
772,relevance,within,1
773,relevance,everyday,1
774,society,learner,1
775,compare,group,2
776,conclusion,communicate,2
777,multiple,solution,1
778,multiple,media,1
779,multiple,systematic,1
780,multiple,vestiges,1
781,multiple,situate,1
782,media,include,2
783,online,connect,1
784,online,social,1
785,networks,reflect,1
786,tell,us,1
787,recognise,indetermine,1
788,recognise,indeterminacies,1
789,recognise,young,1
790,recognise,vital,1
791,recognise,nurture,1
792,recognise,technology,1
793,say,child,1
794,say,important,1
795,say,different,1
796,say,whether,1
797,say,chinkayalvizhi2005,1
798,whether,transform,1
799,whether,float,1
800,transform,unified,1
801,transform,evidence,1
802,later,use,1
803,later,articulate,1
804,later,section,1
805,later,commission,1
806,work,suggests,2
807,sch¨on1987,others,1
808,thereby,able,1
809,able,make,1
810,able,success,1
811,able,develop,1
812,able,move,1
813,able,interpret,1
814,move,student,2
815,move,beyond,2
816,concept,develop,5
817,indeterminacies,leadership,1
818,continue,inquiry,1
819,continue,reinforce,1
820,continue,develop,1
821,continue,shape,1
822,continue,emerge,1
823,continue,showcase,1
824,time,practice,1
825,time,child,1
826,time,experience,1
827,time,explore,1
828,time,look,1
829,time,patient,1
830,time,activity,1
831,time,introduce,1
832,time,according,1
833,time,large,1
834,time,real,1
835,time,kindergartener,1
836,time,constraints,1
837,time,cover,1
838,back,take,1
839,back,initial,1
840,initial,level,3
841,research,study,2
842,research,show,2
843,made,adaptable,2
844,inventory,make,1
845,observation,interpret,4
846,decision,solution,1
847,decision,explore,1
848,decision,p389,1
849,light,might,1
850,light,already,1
851,light,ongoing,1
852,might,find,1
853,might,question,1
854,might,seem,1
855,might,exert,1
856,might,enough,1
857,circle,inquiry,1
858,circle,time,1
859,structure,similar,3
860,whereby,child,1
861,whereby,pupils,1
862,whereby,interactants,1
863,pupils,learn,2
864,design,inquiry,2
865,design,principle,2
866,design,tool,2
867,class,discuss,2
868,activity,use,3
869,conditions,inquiry,1
870,conditions,learn,1
871,conditions,young,1
872,conditions,accompanied,1
873,left,unsupported,1
874,unsupported,inquiry,1
875,unsupported,pupils,1
876,draw,conclusion,3
877,manage,instruct_guide,1
878,manage,classroom,1
879,manage,hmelosilveretal2007,1
880,impuls,toward,1
881,toward,path,1
882,toward,project,1
883,toward,situate,1
884,toward,depict,1
885,project,learn,1
886,project,idea,1
887,project,goal,1
888,project,show,1
889,project,introduce,1
890,project,based,1
891,project,cpd,1
892,project,culminating,1
893,project,dieness1973,1
894,goal,process,2
895,goal,activity,2
896,goal,product,2
897,often,teacher,1
898,often,challenge,1
899,often,study,1
900,often,observe,1
901,often,specify,1
902,often,scaffold,1
903,often,center,1
904,often,regard,1
905,often,partially,1
906,often,fail,1
907,often,oversimplified,1
908,often,precede,1
909,often,clash,1
910,classroom,community,2
911,sometimes,seek,1
912,seek,new,1
913,seek,knowledge,1
914,seek,different,1
915,seek,understand,1
916,seek,arouse,1
917,arouse,interest,1
918,arouse,child,1
919,times,question,1
920,times,specify,1
921,times,encourage,1
922,times,adult,1
923,times,chasing,1
924,specify,relation,1
925,specify,individual,1
926,within,early,2
927,within,interaction,2
928,within,classroom,2
929,within,science,2
930,group,child,2
931,encourage,child,4
932,function,inquiry,1
933,function,model,1
934,function,teacher,1
935,function,natural,1
936,function,invitation,1
937,function,garon,1
938,function,subgoals,1
939,function,norm,1
940,scaffold,term,2
941,primary,education,4
942,ahead,signature,1
943,signature,pedagogy,3
944,sharply,define,1
945,define,inquiry,1
946,define,next,1
947,define,problem,1
948,define,role,1
949,define,instead,1
950,define,hypothesis,1
951,instead,learn,1
952,instead,need,1
953,instead,best,1
954,instead,within,1
955,set,practice,1
956,set,teacher,1
957,set,learn,1
958,set,child,1
959,set,use,1
960,set,situation,1
961,set,phase,1
962,set,explore,1
963,set,develop,1
964,set,challenge,1
965,set,way,1
966,set,still,1
967,set,personal,1
968,set,science,1
969,set,skill,1
970,set,cooperation,1
971,set,lesson,1
972,set,outdoor,1
973,set,talk,1
974,set,entity,1
975,set,sociocultural,1
976,set,carefully,1
977,set,core,1
978,open,end,5
979,end,question,2
980,end,investigate,2
981,authors,argue,1
982,authors,report,1
983,authors,effect,1
984,authors,commented,1
985,argue,science,2
986,argue,evidence,2
987,general,learn,1
988,general,across,1
989,general,education,1
990,general,concept,1
991,general,however,1
992,general,landscape,1
993,general,predict,1
994,general,agree,1
995,general,talk,1
996,general,aware,1
997,product,share,2
998,literacy,activity,1
999,literacy,unlike,1
1000,literacy,skill,1
1001,literacy,number,1
1002,literacy,mathematical,1
1003,literacy,ash2004,1
1004,unlike,come,1
1005,unlike,old,1
1006,empirical,evidence,5
1007,result,justify,2
1008,alone,theoretical,1
1009,alone,enactment,1
1010,alone,vygotsky19781986,1
1011,theoretical,idea,3
1012,analyse,data,4
1013,removed,practice,1
1014,sense,interest,2
1015,know,basic,1
1016,know,category_classify,1
1017,know,process,1
1018,know,fact,1
1019,know,something,1
1020,know,will,1
1021,know,draw,1
1022,know,attend,1
1023,know,science,1
1024,know,infer,1
1025,know,real,1
1026,know,unfamiliar,1
1027,know,beforehand,1
1028,know,just,1
1029,know,intervene,1
1030,know,address,1
1031,know,helmkatz2011,1
1032,know,rain,1
1033,attend,student,1
1034,wide,variety,1
1035,wide,range,1
1036,range,use,1
1037,range,experience,1
1038,range,student,1
1039,show,interest,1
1040,show,ask,1
1041,show,support,1
1042,show,important,1
1043,show,value,1
1044,show,young,1
1045,show,omitting,1
1046,show,help,1
1047,show,figure,1
1048,show,intervention,1
1049,value,learner,1
1050,value,student,1
1051,value,place,1
1052,center,pedagogy,1
1053,center,teacher,1
1054,center,student,1
1055,center,involve,1
1056,center,specific,1
1057,center,approach,1
1058,center,midwest,1
1059,center,acreage,1
1060,center,experiential,1
1061,center,bulut2007,1
1062,center,paved,1
1063,orient,question,1
1064,orient,develop,1
1065,orient,general,1
1066,orient,specific,1
1067,orient,ie,1
1068,orient,test,1
1069,powerful,environment,1
1070,powerful,well,1
1071,powerful,sense,1
1072,powerful,overall,1
1073,live_habitat,inquiry,2
1074,report,reflect,2
1075,detail,actual,1
1076,detail,perspective,1
1077,detail,case,1
1078,employ,model,2
1079,soundness,practical,1
1080,viability,inquiry,1
1081,enriched,digital,1
1082,enriched,learn,1
1083,enriched,mathematical,1
1084,enable,child,3
1085,offering,new,1
1086,entry,point,2
1087,picture,investigate,1
1088,picture,story,1
1089,facilitate,child,2
1090,sustain,inquiry,1
1091,sustain,interest,1
1092,expand,new,1
1093,expand,knowledge,1
1094,expand,phase,1
1095,expand,discourse,1
1096,review,creative,1
1097,review,share,1
1098,review,evidence,1
1099,outputs,picture,1
1100,story,web,1
1101,story,based,1
1102,web,site,1
1103,web,add,1
1104,web,extracted,1
1105,school,inform,1
1106,school,student,1
1107,school,see,1
1108,school,design,1
1109,school,report,1
1110,school,university,1
1111,school,get,1
1112,school,nursery,1
1113,university,partner,1
1114,university,united,1
1115,partner,sought,1
1116,partner,science,1
1117,partner,studentcentred,1
1118,sought,begin,1
1119,science,inquiry,38
1120,formal,understand,1
1121,formal,introduce,1
1122,introduce,child,3
1123,infer,process,1
1124,infer,develop,1
1125,infer,result,1
1126,infer,analyse,1
1127,infer,evidence,1
1128,infer,logical,1
1129,evidence,theory,3
1130,evidence,material,3
1131,qualitative,research,1
1132,qualitative,quantitative,1
1133,quantitative,data,1
1134,data,collect,4
1135,confirm,previous,3
1136,derived,observation,1
1137,derived,school,1
1138,logical,think,2
1139,interpret,world,3
1140,based,ask,2
1141,young,child,30
1142,attain,inform,1
1143,specific,science,4
1144,strategy,learn,1
1145,strategy,provide,1
1146,strategy,enhance,1
1147,strategy,advance,1
1148,attainment,akersonvolrich2006,1
1149,akersonvolrich2006,khishfeabdelkhalick2002,1
1150,khishfeabdelkhalick2002,metz2004,1
1151,metz2004,report,1
1152,metz2004,samarapungavanetal2008,1
1153,throughout,study,1
1154,throughout,analyse,1
1155,throughout,documents,1
1156,throughout,ripe,1
1157,documents,refer,1
1158,scientist,teacher,1
1159,scientist,explore,1
1160,scientist,science,1
1161,scientist,done,1
1162,scientist,anderson2002,1
1163,scientist,propose,1
1164,scientist,raise,1
1165,scientist,subjecting,1
1166,scientist,eshach2011p442,1
1167,done,within,1
1168,done,young,1
1169,done,repeat,1
1170,done,talk,1
1171,repeat,basic,1
1172,repeat,engage,1
1173,repeat,increase,1
1174,increase,take,1
1175,increase,concept,1
1176,increase,science,1
1177,increase,level,1
1178,level,reflect,2
1179,level,guide,2
1180,proficient,inquiry,1
1181,proficient,use,1
1182,proficient,need,1
1183,proficient,bybee2011,1
1184,proficient,generate,1
1185,proficient,hence,1
1186,bybee2011,michaelsetal2008,1
1187,michaelsetal2008,repeat,1
1188,crosscutting,concept,2
1189,disciplinary,idea,1
1190,engineering,practice,1
1191,engineering,make,1
1192,engineering,problem,1
1193,worldview,nrc2012p42,1
1194,good,think,1
1195,good,science,1
1196,good,investigative,1
1197,frame,construct,1
1198,frame,child,1
1199,frame,understand,1
1200,frame,term,1
1201,frame,science,1
1202,frame,notion,1
1203,frame,mistakes,1
1204,anderson2002,framework,1
1205,anderson2002,hackling2007,1
1206,anderson2002,crawford2007,1
1207,framework,reminds,1
1208,framework,refer,1
1209,framework,science,1
1210,framework,engage–explore–reflect,1
1211,framework,integrates,1
1212,framework,psillos,1
1213,framework,staff,1
1214,instruction,model,11
1215,und,evaluate,1
1216,evaluate,empirical,2
1217,evaluate,correspond,2
1218,furtaketal2012,suggest,1
1219,furtaketal2012,regard,1
1220,furtaketal2012,high,1
1221,furtaketal2012,hardyetal2006,1
1222,suggest,teacher,1
1223,suggest,education,1
1224,suggest,way,1
1225,suggest,possible,1
1226,suggest,define,1
1227,suggest,theoretical,1
1228,suggest,effect,1
1229,suggest,order,1
1230,suggest,evenapparently,1
1231,two,key,2
1232,cognitive,hooks,3
1233,cognitive,conflict,3
1234,regard,science,2
1235,minneretal2009,conclusion,1
1236,p20,consistent,1
1237,consistent,data,1
1238,consistent,duschl2008,1
1239,duschl2008,identify,1
1240,duschl2008,evidenceexplanation,1
1241,identify,assume,2
1242,epistemic,basis,2
1243,domain,include,2
1244,principle,inquiry,1
1245,principle,include,1
1246,principle,suggest,1
1247,principle,epistemic,1
1248,principle,system,1
1249,principle,yet,1
1250,consist,simple,3
1251,generate,question,2
1252,generate,data,2
1253,comprise,collaborative,1
1254,comprise,set,1
1255,comprise,four,1
1256,realize,aspect,1
1257,curriculum,learn,2
1258,curriculum,study,2
1259,instance,child,1
1260,instance,include,1
1261,ibse,pedagogy,1
1262,ibse,commonly,1
1263,commonly,category_classify,1
1264,commonly,follow,1
1265,commonly,listen,1
1266,according,task,1
1267,according,degree,1
1268,according,oral,1
1269,according,bybee,1
1270,according,tenets,1
1271,according,cepnietal2006,1
1272,according,kefietal2013,1
1273,according,hacking1992,1
1274,according,holliday2006,1
1275,according,chinkayalvizhi2002,1
1276,degree,guide,2
1277,free,play,2
1278,operate,degree,1
1279,operate,assume,1
1280,operate,colburn2003,1
1281,belletal2005,accompanied,1
1282,accompanied,early,1
1283,accompanied,debate,1
1284,accompanied,type,1
1285,debate,meaning,1
1286,debate,effect,1
1287,effect,use,2
1288,minimally,guide,1
1289,versus,guide,1
1290,hmelosilveretal2007,despite,1
1291,hmelosilveretal2007,kirschneretal2006,1
1292,hmelosilveretal2007,add,1
1293,kirschneretal2006,typical,1
1294,kirschneretal2006,matching,1
1295,typical,take,2
1296,ie,nature,1
1297,ie,range,1
1298,ie,method,1
1299,ie,field,1
1300,ie,single,1
1301,however,use,1
1302,however,guide,1
1303,however,give,1
1304,however,participate,1
1305,however,student,1
1306,however,imply,1
1307,however,relevance,1
1308,however,work,1
1309,however,high,1
1310,however,purpose,1
1311,however,predict,1
1312,however,characterized,1
1313,however,driveretals,1
1314,however,due,1
1315,peers,others,1
1316,peers,see,1
1317,peers,adult,1
1318,peers,mediate,1
1319,high,level,2
1320,high,order,2
1321,particular,form,1
1322,particular,relation,1
1323,particular,support,1
1324,particular,important,1
1325,particular,physical,1
1326,particular,research,1
1327,particular,set,1
1328,particular,curriculum,1
1329,particular,area,1
1330,particular,arrive,1
1331,fostering,student,1
1332,fostering,understand,1
1333,subject,matter,2
1334,matter,accurate,2
1335,complex,problem,2
1336,complex,concept,2
1337,limit,research,1
1338,limit,cognitive,1
1339,limit,degree,1
1340,limit,hardyetal2006,1
1341,limit,executive,1
1342,hardyetal2006,hmelosilveretal2007,1
1343,hardyetal2006,trundlesackes2012,1
1344,large,body,1
1345,large,discourse,1
1346,body,knowledge,2
1347,far,scientist,1
1348,propose,two,1
1349,propose,treagustduit2008,1
1350,propose,explanation,1
1351,propose,revise,1
1352,propose,conjecture,1
1353,treagustduit2008,teacher,1
1354,reach,new,1
1355,reach,alone,1
1356,reach,level,1
1357,reach,curriculum,1
1358,reach,hypothesis,1
1359,consider,alternative,2
1360,slow,gradual,1
1361,gradual,process,1
1362,rather,give,1
1363,rather,dramatic,1
1364,rather,try,1
1365,rather,memorise,1
1366,rather,informal,1
1367,dramatic,gestalttype,1
1368,dramatic,skits,1
1369,gestalttype,shift,1
1370,shift,paradigms,1
1371,shift,focus,1
1372,paradigms,caravitahallden1994,1
1373,caravitahallden1994,child,1
1374,spontaneous,construct,1
1375,spontaneous,discover,1
1376,explanation,design,2
1377,explanation,science,2
1378,explanation,elaborate,2
1379,phenomenon,instruct_guide,1
1380,phenomenon,leadership,1
1381,phenomenon,fact,1
1382,phenomenon,study,1
1383,phenomenon,multiple,1
1384,phenomenon,science,1
1385,phenomenon,based,1
1386,phenomenon,daily,1
1387,phenomenon,mentioned,1
1388,phenomenon,manipulation,1
1389,phenomenon,hackling2005,1
1390,phenomenon,lind1999,1
1391,daily,use,1
1392,daily,live_habitat,1
1393,daily,life,1
1394,life,experience,2
1395,carey2000,science,1
1396,view,child,3
1397,preinstructional,concept,1
1398,partially,entirely,1
1399,entirely,inadequate,1
1400,inadequate,furthermore,1
1401,furthermore,handson,1
1402,furthermore,concept,1
1403,furthermore,rankin2011,1
1404,place,focus,2
1405,demands,student,1
1406,language,proficient,3
1407,summarize,present,1
1408,summarize,student,1
1409,summarize,project,1
1410,summarize,biological,1
1411,summarize,duschl,1
1412,oral,write,2
1413,write,form,1
1414,write,discuss,1
1415,write,early,1
1416,write,task,1
1417,write,language,1
1418,leefradd1998,sufficient,1
1419,sufficient,need,1
1420,sufficient,cognitive,1
1421,sufficient,language,1
1422,explain,elaborate,2
1423,akersonetal2000,osborneetal2004,1
1424,osborneetal2004,van,1
1425,van,boxteletal2000,1
1426,boxteletal2000,according,1
1427,skill,observation,3
1428,tractable,difficult,1
1429,difficult,task,1
1430,difficult,result,1
1431,difficult,correct,1
1432,add,inquiry,2
1433,poor,language,1
1434,hence,especially,1
1435,hence,rooted,1
1436,especially,think,1
1437,especially,young,1
1438,especially,beneficial,1
1439,beneficial,student,1
1440,risk,report,1
1441,risk,achieve,1
1442,risk,imperative,1
1443,achieve,student,1
1444,achieve,curriculum,1
1445,achieve,nrc2012,1
1446,lamainalapates,program,1
1447,lamainalapates,promote,1
1448,program,inquiry,1
1449,program,point,1
1450,program,science,1
1451,program,advocates,1
1452,program,acquire,1
1453,program,shares,1
1454,program,grounded,1
1455,advocates,inquiry,1
1456,advocates,line,1
1457,incites,child,1
1458,around,primary,2
1459,acquire,basic,1
1460,acquire,science,1
1461,acquire,specific,1
1462,acquire,key,1
1463,acquire,already,1
1464,acquire,vii,1
1465,acquire,organization,1
1466,content,knowledge,4
1467,reason,thing,1
1468,reason,master,1
1469,master,use,1
1470,master,language,1
1471,french,program,1
1472,shares,broad,1
1473,shares,key,1
1474,broad,definition,1
1475,broad,context,1
1476,broad,project,1
1477,broad,science,1
1478,broad,enough,1
1479,main,idea,1
1480,main,goal,1
1481,main,focus,1
1482,contribute,develop,1
1483,contribute,commitment,1
1484,critical,think,4
1485,thinking,skill,3
1486,lamainalapates2000,saltiel2006,1
1487,saltiel2006,sarmantetal2011,1
1488,sarmantetal2011,lamainalapates,1
1489,promote,inquiry,1
1490,promote,important,1
1491,promote,concept,1
1492,promote,open,1
1493,promote,exa,1
1494,expected,engage,1
1495,expected,enhance,1
1496,expected,confirm,1
1497,expected,carry,1
1498,expected,gain,1
1499,expected,comprehend,1
1500,carry,experiment,2
1501,raise,question,1
1502,raise,research,1
1503,raise,science,1
1504,raise,citizens,1
1505,vital,child,1
1506,vital,role,1
1507,vital,facilitate,1
1508,vital,science,1
1509,vital,skill,1
1510,influence,action,1
1511,influence,result,1
1512,influence,instruction,1
1513,influence,piagets,1
1514,influence,bjorklundgardiner2011p154,1
1515,5e,instruction,8
1516,bybeeetal2006,develop,1
1517,bybeeetal2006,design,1
1518,bybeeetal2006,consider,1
1519,bybeeetal2006,nrc1999,1
1520,bybeeetal2006,attribute,1
1521,biological,science,2
1522,get,thing,1
1523,get,phase,1
1524,get,different,1
1525,get,curious,1
1526,sequence,activity,2
1527,atkinskarplus1962,original,1
1528,atkinskarplus1962,schiefelepekrun1996,1
1529,formation,extension,1
1530,extension,expand,1
1531,3e,learn,1
1532,piagets,mental,1
1533,piagets,notion,1
1534,mental,function,1
1535,mental,sense,1
1536,mental,represent,1
1537,marek2008,5e,1
1538,establish,practice,1
1539,establish,connect,1
1540,establish,structure,1
1541,establish,constructivism,1
1542,constructivism,model,1
1543,constructivism,learn,1
1544,constructivism,learner,1
1545,constructivism,curriculum,1
1546,constructivism,approach,1
1547,approach,learn,2
1548,approach,child,2
1549,assume,use,2
1550,bring,idea,1
1551,bring,task,1
1552,bring,explanation,1
1553,test,new,1
1554,test,evaluate,1
1555,test,explanation,1
1556,test,hypothesis,1
1557,test,measurement,1
1558,test,thereof,1
1559,test,patience,1
1560,exist,idea,1
1561,exist,knowledge,1
1562,exist,material,1
1563,exist,previous,1
1564,exist,done,1
1565,real,world,2
1566,family,discuss,1
1567,family,easy,1
1568,family,3,1
1569,family,obsessions,1
1570,easy,reach,1
1571,easy,assimilated,1
1572,easy,acknowledge,1
1573,assimilated,learner,1
1574,accommodation,fit,1
1575,fit,empirical,2
1576,unfamiliar,idea,1
1577,unfamiliar,problem,1
1578,unfamiliar,mobile,1
1579,colburn2003,researchbased,1
1580,researchbased,5e,1
1581,incorporate,aspect,1
1582,incorporate,play,1
1583,incorporate,conditions,1
1584,incorporate,engineering,1
1585,incorporate,notion,1
1586,incorporate,topic,1
1587,incorporate,central,1
1588,notion,learn,1
1589,notion,child,1
1590,notion,wide,1
1591,notion,science,1
1592,notion,old,1
1593,cooperation,collaborative,1
1594,coconstruct,idea,2
1595,essential,assisting,2
1596,itemized,linear,1
1597,manner,simple,1
1598,manner,effect,1
1599,manner,guest,1
1600,guest,editorial,1
1601,editorial,bybee2014,1
1602,bybee2014,reflect,1
1603,respond,question,2
1604,recommend,start,1
1605,recommend,use,1
1606,recommend,include,1
1607,recommend,early,1
1608,recommend,enumerates,1
1609,recommend,preferable,1
1610,recommend,national,1
1611,enumerates,implications,1
1612,implications,usage,1
1613,usage,application,1
1614,application,problem,1
1615,application,concept,1
1616,application,era,1
1617,era,next,1
1618,generation,science,3
1619,standard,include,1
1620,standard,science,1
1621,standard,incorporate,1
1622,standard,ngss2013,1
1623,standard,ngssleadstates2013,1
1624,standard,nses,1
1625,standard,ngss,1
1626,ngss2013,recommend,1
1627,preferable,timeframe,1
1628,timeframe,longterm,1
1629,longterm,study,1
1630,longterm,concept,1
1631,longterm,class,1
1632,longterm,period,1
1633,period,start,1
1634,period,give,1
1635,period,time,1
1636,period,lind2000,1
1637,unit,study,1
1638,unit,instead,1
1639,unit,add,1
1640,unit,1,1
1641,unit,color,1
1642,unit,weather,1
1643,spanning,2–3,1
1644,2–3,week,1
1645,week,class,1
1646,week,unit,1
1647,week,lose,1
1648,lose,effect,1
1649,lose,sequence,1
1650,lose,patience,1
1651,bybee,research,1
1652,omitting,phase,1
1653,nrc1999,rearranging,1
1654,rearranging,sequence,1
1655,renner,abrahambernie1988,1
1656,abrahambernie1988,result,1
1657,integrity,learn,1
1658,seem,model,1
1659,seem,set,1
1660,seem,suitable,1
1661,seem,agree,1
1662,seem,strong,1
1663,inflexible,suitable,1
1664,suitable,early,1
1665,suitable,young,1
1666,childhood,teacher,4
1667,childhood,education,4
1668,repetition,phase,1
1669,chance,extend,1
1670,chance,built,1
1671,chance,observation,1
1672,flexibility,add,1
1673,flexibility,p209,1
1674,prerequisite,information,1
1675,prerequisite,jumpstarting,1
1676,deem,necessary,1
1677,necessary,orient,1
1678,necessary,sufficient,1
1679,necessary,5e,1
1680,necessary,even,1
1681,grade,teacher,1
1682,grade,level,1
1683,grade,yoononchwari2006,1
1684,yoononchwari2006,however,1
1685,kindergartener,like,3
1686,fledgling,stage,1
1687,milleretal2013,last,1
1688,last,century,1
1689,last,single,1
1690,century,early,1
1691,investigative,question,3
1692,competence,learn,1
1693,compatible,child,1
1694,integrate,inquiry,1
1695,integrate,new,1
1696,integrate,concept,1
1697,integrate,cognitive,1
1698,integrate,language,1
1699,integrate,stimulate,1
1700,nsta2014,position,1
1701,position,state,2
1702,declares,important,1
1703,educators,recognise,1
1704,educators,work,1
1705,educators,aim,1
1706,educators,whose,1
1707,educators,endeavor,1
1708,nurture,child,1
1709,focus,explore,4
1710,ngssleadstates2013,give,1
1711,academic,need,1
1712,academic,partner,1
1713,modify,refine,1
1714,modify,science,1
1715,modify,5e,1
1716,modify,version,1
1717,modify,discourse,1
1718,version,inquiry,1
1719,version,instruction,1
1720,version,5e,1
1721,version,standardized,1
1722,method,science,2
1723,method,instruction,2
1724,course,teacher,1
1725,course,midwest,1
1726,course,lesson,1
1727,midwest,university,1
1728,midwest,taught,1
1729,united,state,5
1730,20,young,1
1731,4year,old,1
1732,old,child,3
1733,taught,inquiry,1
1734,taught,early,1
1735,taught,program,1
1736,taught,preservice,1
1737,taught,let,1
1738,preservice,teacher,4
1739,enrolled,course,1
1740,major,participate,1
1741,major,area,1
1742,field,experience,2
1743,requirement,course,1
1744,lesson,engage,2
1745,lesson,plan,2
1746,plan,predict,2
1747,adult,learn,1
1748,adult,answer,1
1749,adult,within,1
1750,adult,employ,1
1751,adult,application,1
1752,adult,plant,1
1753,adult,help,1
1754,adult,overwhelmingly,1
1755,adult,hold,1
1756,adult,correct,1
1757,adult,encounter,1
1758,adult,moreable,1
1759,adult,intervenes,1
1760,assign,activity,1
1761,assign,group,1
1762,assign,word,1
1763,voluntary,first,1
1764,first,stage,1
1765,first,empirical,1
1766,first,week,1
1767,first,year,1
1768,first,count,1
1769,outdoor,time,2
1770,acreage,design,1
1771,frequent,observe,2
1772,climbing,logs,1
1773,logs,wood,1
1774,wood,aesthetic,1
1775,wood,times,1
1776,grounded,built,1
1777,grounded,design,1
1778,grounded,science,1
1779,dam,across,1
1780,ditch,piece,1
1781,piece,wood,1
1782,chasing,frog,1
1783,frog,across,1
1784,space,explore,1
1785,space,well,1
1786,crevice,look,1
1787,spiders,child,1
1788,excited,experience,1
1789,independent,learn,1
1790,independent,investigate,1
1791,session,focus,1
1792,session,field,1
1793,topic,open,1
1794,topic,young,1
1795,topic,plant,1
1796,topic,day,1
1797,topic,rain,1
1798,topic,indepth,1
1799,plant,mobile,3
1800,animal,plant,1
1801,animal,characteristic,1
1802,animal,inanimate,1
1803,animal,living,1
1804,characteristic,science,1
1805,characteristic,habitat,1
1806,characteristic,ledermanetal2014,1
1807,habitat,concept,1
1808,landscape,science,1
1809,landscape,bybeeetal2006,1
1810,attribute,success,1
1811,attribute,different,1
1812,robust,construct,1
1813,robust,science,1
1814,namely,engage,1
1815,elaborate,evaluate,4
1816,describe_ption,inquiry,2
1817,describe_ption,process,2
1818,purpose,phase,4
1819,text,lesson,1
1820,text,read,1
1821,text,rain,1
1822,perceive,child,1
1823,perceive,culture–historical,1
1824,culture–historical,viewpoint,1
1825,viewpoint,present,1
1826,trundleetal2010,relate,1
1827,contemporary,learn,1
1828,contemporary,understand,1
1829,intuitive,query,2
1830,gopnik2012,work,1
1831,study_teacher,kindergartener,1
1832,provocateur,move,2
1833,wien2014,robust,1
1834,central,pedagogy,1
1835,central,interest,1
1836,central,education,1
1837,central,interaction,1
1838,central,tenets,1
1839,central,big,1
1840,central,premise,1
1841,tenets,constructivism,2
1842,reformbased,teacher,1
1843,bransfordetal2000,inquiry,1
1844,small,group,2
1845,krajciketal2003,2014,1
1846,2014,position,1
1847,national,research,2
1848,national,science,2
1849,associate,science,2
1850,nsta,stressed,1
1851,stressed,need,1
1852,order,learn,2
1853,strengthen,student,1
1854,strengthen,science,1
1855,council,recommend,1
1856,nrc20072012,recommend,1
1857,drive,guide,1
1858,drive,enterprise,1
1859,drive,human,1
1860,conduct,investigate,2
1861,appropriate,tool,2
1862,tool,use,2
1863,tool,intent,2
1864,equipment,learn,1
1865,nsta2004a,crucial,1
1866,crucial,component,1
1867,component,child,1
1868,component,guide,1
1869,component,science,1
1870,component,lpp,1
1871,read,phase,1
1872,read,write,1
1873,faced,challenge,1
1874,faced,outpouring,1
1875,alternative,way,2
1876,alternative,explanation,2
1877,representation,model,1
1878,representation,express,1
1879,representation,student,1
1880,representation,work,1
1881,representation,conventions,1
1882,representation,symbolization,1
1883,visible,others,1
1884,various,opportunity,1
1885,various,form,1
1886,visual,art,1
1887,collect,data,6
1888,promising,young,1
1889,help,child,4
1890,predict,natural,2
1891,predict,new,2
1892,predict,examine,2
1893,lehrer,schauble2006,1
1894,overall,intent,2
1895,sparks,anchors,2
1896,anchors,model,2
1897,want,know,3
1898,adaptable,student,2
1899,represent,emerge,2
1900,emerge,understand,2
1901,emerge,interaction,2
1902,emerge,science,2
1903,accurate,inaccurate,2
1904,inaccurate,model,2
1905,critiqued,refine,2
1906,key,concept,2
1907,key,science,2
1908,key,component,2
1909,lpp,system,2
1910,system,use,2
1911,1,select,2
1912,augmented,real,2
1913,vision,record,1
1914,record,observation,2
1915,record,analyse,2
1916,record,data,2
1917,display,student,1
1918,display,understand,1
1919,display,awareness,1
1920,location,plant,1
1921,location,2,1
1922,location,samarapungavanetal2008,1
1923,2,child,1
1924,2,use,1
1925,2,software,1
1926,2,structure,1
1927,2,identify,1
1928,2,plan,1
1929,2,predict,1
1930,2,exercising,1
1931,translate,student,1
1932,translate,motion,1
1933,motion,track_trace,2
1934,physics,concept,3
1935,engine,generate,1
1936,sensing,data,1
1937,commercially,available,1
1938,available,open,1
1939,track_trace,system,1
1940,track_trace,pattern,1
1941,pattern,use,1
1942,pattern,recognise,1
1943,pattern,evidence,1
1944,pattern,propose,1
1945,pattern,sequence,1
1946,pattern,indeed,1
1947,technology,problem,1
1948,technology,translate,1
1949,technology,kato2006,1
1950,technology,anationatrisk1983,1
1951,kato2006,create,1
1952,inexpensive,alternative,1
1953,virtual,real,1
1954,12,x,1
1955,12,carpet,1
1956,x,12,1
1957,carpet,front,1
1958,front,classroom,1
1959,instantly,imported,1
1960,imported,new,1
1961,microworld,allow,1
1962,force,motion,1
1963,force,game,1
1964,simulation,experiment,1
1965,simulation,result,1
1966,simulation,colella2000,1
1967,animation,combine,1
1968,combine,student,1
1969,combine,handson,1
1970,combine,science,1
1971,combine,data,1
1972,symbol,element,1
1973,marked,important,1
1974,embodied,dramatic,1
1975,embodied,predict,1
1976,net,force,1
1977,game,experience,1
1978,6–8,year,1
1979,year,teacher,1
1980,year,study,1
1981,year,student,1
1982,year,later,1
1983,year,set,1
1984,year,first,1
1985,year,beyond,1
1986,year,wattsalsop1995in,1
1987,interrogate,understand,1
1988,roseberyetal2005,explore,1
1989,danish2009,participate,1
1990,skits,student,1
1991,enact,key,1
1992,enact,discourse,1
1993,leverage,body,1
1994,kind,distinction,1
1995,kind,explore,1
1996,kind,product,1
1997,kind,predict,1
1998,kind,select,1
1999,kind,plastic,1
2000,kind,earlyyears,1
2001,colella2000,shift,1
2002,try,see,3
2003,desired,resultand,1
2004,resultand,affect,1
2005,affect,accompanied,1
2006,type,hypothesis,2
2007,explicit,student,1
2008,explicit,taught,1
2009,explicit,verbal,1
2010,rules,underlie,1
2011,underlie,simulation,1
2012,multi,faceted,1
2013,multi,perspective,1
2014,faceted,always,1
2015,aim,enable,2
2016,choice,phase,1
2017,choice,typical,1
2018,choice,initiate,1
2019,change,understand,1
2020,change,view,1
2021,change,content,1
2022,change,water,1
2023,water,form,1
2024,water,play,1
2025,water,scaffold,1
2026,water,science,1
2027,water,go,1
2028,single,meaning,1
2029,single,set,1
2030,single,science,1
2031,single,feature,1
2032,garritz2012,newmanetal2004,1
2033,newmanetal2004,general,1
2034,characterized,education,1
2035,characterized,orient,1
2036,progression,success,1
2037,progression,develop,1
2038,progression,increase,1
2039,progression,focus,1
2040,progression,order,1
2041,already,know,2
2042,interacademy,partnership,1
2043,partnership,iap2010p19,1
2044,iap2010p19,among,1
2045,among,thing,1
2046,among,skill,1
2047,among,transdisciplinary,1
2048,perspective,science,1
2049,perspective,throughout,1
2050,perspective,approach,1
2051,perspective,emerge,1
2052,requires,learner,1
2053,requires,child,1
2054,requires,pupils,1
2055,requires,skill,1
2056,caamano2012,criadogarcíacarmona2011,1
2057,criadogarcíacarmona2011,harlen2014,1
2058,harlen2014,pupils,1
2059,score2013,will,1
2060,hodson2014,promote,1
2061,exa,recommend,1
2062,agree,science,2
2063,ledermanetal2014,science,1
2064,hypothesis,relate,3
2065,ii,understand,1
2066,ii,single,1
2067,iii,understand,1
2068,iii,science,1
2069,pose,teacher,1
2070,pose,question,1
2071,pose,phase,1
2072,pose,iv,1
2073,iv,different,1
2074,v,inquiry,1
2075,vi,conclusion,1
2076,must,learn,1
2077,must,develop,1
2078,must,consistent,1
2079,must,plan,1
2080,vii,science,1
2081,number,communicate,1
2082,number,support,1
2083,number,application,1
2084,number,describe_ption,1
2085,image,etc,1
2086,etc,science,1
2087,viii,explanation,1
2088,mentioned,hypothesis,1
2089,even,inquiry,1
2090,even,general,1
2091,even,young,1
2092,even,appropriate,1
2093,even,less,1
2094,tentative,solution,1
2095,three,feature,2
2096,three,ingredient,2
2097,distinguish,guisasolaetal2006,1
2098,distinguish,living,1
2099,guisasolaetal2006,descriptive,1
2100,stating,something,1
2101,yet,learn,1
2102,yet,meaning,1
2103,yet,confirm,1
2104,yet,want,1
2105,event,ask,1
2106,event,phenomenon,1
2107,event,passing,1
2108,speculating,reason,1
2109,deductive,thinking,1
2110,trueprocedural,hypothesis,1
2111,measurement,category_classify,1
2112,measurement,experiment,1
2113,measurement,analyse,1
2114,measurement,data,1
2115,measurement,method,1
2116,measurement,record,1
2117,measurement,procedure,1
2118,procedure,collect,2
2119,indicate,procedure,1
2120,indicate,kindergarten,1
2121,obtain,experience,2
2122,beforehand,order,1
2123,either,look,3
2124,organization,structure,1
2125,organization,science,1
2126,fsls,ultimate,1
2127,ultimate,goal,2
2128,fsl,include,1
2129,fsl,regard,1
2130,openfocused,explore,2
2131,engage–explore–reflect,eer,1
2132,eer,cycle,2
2133,talk,interaction,1
2134,talk,evaluate,1
2135,talk,regard,1
2136,talk,tips,1
2137,talk,just,1
2138,talk,gallas1995,1
2139,tips,inquiry,1
2140,depicted,figure,1
2141,figure,1,2
2142,illustrate,nature,1
2143,illustrate,just,1
2144,iterative,process,1
2145,iterative,cycles,1
2146,stepbystep,process,1
2147,stepbystep,task,1
2148,spiraling,dynamic,1
2149,dynamic,one,1
2150,dynamic,coconstruct,1
2151,integrates,two,1
2152,unstructured,play,1
2153,jumpstarting,inquiry,1
2154,b,discover,1
2155,b,embed,1
2156,b,focus,1
2157,b,central,1
2158,responsive,child,1
2159,simplified,version,1
2160,cycles,inquiry,1
2161,contextualizes,inquiry,1
2162,efforts,draw,1
2163,invite,predict,1
2164,explicated,upcoming,1
2165,upcoming,section,1
2166,area,interest,1
2167,area,life,1
2168,area,menmuiradams1997processes,1
2169,area,strength,1
2170,menmuiradams1997processes,skill,1
2171,inconjunction,mathematical,1
2172,mathematical,science,3
2173,epstein2007,french2004,1
2174,epstein2007,gerdeetal2013,1
2175,french2004,gerdeetal2013,2
2176,gerdeetal2013,state,1
2177,gerdeetal2013,modify,1
2178,gerdeetal2013,menmuiradams1997,1
2179,gerdeetal2013,greenfieldetal2009,1
2180,gerdeetal2013,inanetal2010,1
2181,menmuiradams1997,early,1
2182,afford,kindergartener,1
2183,fascination,function,1
2184,fascination,particular,1
2185,rich,environment,1
2186,rich,language,1
2187,just,learn,1
2188,just,interaction,1
2189,just,integrate,1
2190,just,three,1
2191,just,low,1
2192,just,contextual,1
2193,just,go,1
2194,just,seeingit,1
2195,static,linear,1
2196,static,prescribed,1
2197,prescribed,problem,1
2198,prescribed,curriculum,1
2199,prescribed,content,1
2200,big,idea,2
2201,gelmanbrenneman2012,wasserman2015,1
2202,gelmanbrenneman2012,greenfieldetal2009,1
2203,wasserman2015,construct,1
2204,gelmanetal2010,greenfieldetal2009,1
2205,greenfieldetal2009,evidence,1
2206,greenfieldetal2009,inanetal2010,1
2207,inanetal2010,find,1
2208,inanetal2010,add,1
2209,inanetal2010,adult,1
2210,inanetal2010,examine,1
2211,apply,design,2
2212,gelmanbrenneman2004,process,1
2213,linking,extant,1
2214,linking,plastic,1
2215,extant,new,1
2216,bjorklund2011,gelmanbrenneman2012,1
2217,paper,present,1
2218,paper,focus,1
2219,paper,order,1
2220,case,study,2
2221,implement,often,1
2222,implement,forensic,1
2223,forensic,science,1
2224,fouryearold,child,1
2225,fouryearold,classroom,1
2226,participant,science,2
2227,platform,develop,1
2228,platform,student,1
2229,platform,studentcentred,1
2230,prepare,phase,1
2231,prepare,support,1
2232,hackling2007,inquiry,1
2233,hackling2007,heart,1
2234,manipulation,material,2
2235,gain,age,1
2236,gain,experience,1
2237,gain,new,1
2238,gain,knowledge,1
2239,gain,science,1
2240,gain,better,1
2241,gain,since,1
2242,heart,inquiry,1
2243,heart,science,1
2244,crawford2009,approach,1
2245,excitement,discover,1
2246,crawford2007,within,1
2247,crawford2007,nrc1996,1
2248,appears,commonly,1
2249,appears,limit,1
2250,hackling2005,guide,2
2251,hedges2000,teacher,1
2252,acknowledge,relation,2
2253,agents,communicate,1
2254,hedges2000p18,one,1
2255,issue,guide,1
2256,issue,motivation,1
2257,issue,overlay,1
2258,select,generate,2
2259,samarapungavanetal2008,authors,1
2260,samarapungavanetal2008,appears,1
2261,samarapungavanetal2008,examine,1
2262,samarapungavanetal2008,zhangetal2011,1
2263,samarapungavanetal2008,administered,1
2264,commented,need,1
2265,universal,novices,1
2266,novices,p903,1
2267,p903,lacking,1
2268,lacking,experience,1
2269,discipline,include,1
2270,discipline,well,1
2271,discipline,second,1
2272,discourse,form,4
2273,assisting,child,3
2274,better,understand,4
2275,outcome,inquiry,1
2276,outcome,phase,1
2277,outcome,frame,1
2278,examine,kindergartener,2
2279,kindergarten,child,2
2280,kindergarten,student,2
2281,monarch,butterfly,1
2282,butterfly,result,1
2283,revise,model,1
2284,revise,knowledge,1
2285,revise,develop,1
2286,revise,share,1
2287,revise,science,1
2288,revise,biological,1
2289,portfolios,found,1
2290,peterson,french2008,1
2291,french2008,examine,1
2292,color,mixing,1
2293,mixing,analyse,1
2294,investigators,figure,1
2295,investigators,dynamic,1
2296,demonstrate,discuss,1
2297,demonstrate,young,1
2298,literate,best,1
2299,literate,science,1
2300,literate,citizens,1
2301,curious,world,1
2302,curious,occurrence,1
2303,surround,child,1
2304,surround,experience,1
2305,concrete,experience,1
2306,concrete,object,1
2307,concrete,possible,1
2308,cepnietal2006,skill,1
2309,divided,three,1
2310,cause,skill,1
2311,cause,factor,1
2312,since,birth,1
2313,birth,frequent,1
2314,estimation,category_classify,1
2315,howejones1998,hypothesis,1
2316,check,skill,1
2317,lind2000,according,1
2318,kefietal2013,possible,1
2319,without,develop,1
2320,without,lose,1
2321,sip,present,1
2322,basis,science,2
2323,correspond,fit,2
2324,hacking19921995,map,1
2325,map,actual,1
2326,map,mental,1
2327,laboratory,use,1
2328,laboratory,science,1
2329,subjecting,systematic,1
2330,systematic,learn,1
2331,systematic,interaction,1
2332,systematic,emerge,1
2333,systematic,bottomup,1
2334,bottomup,analyse,1
2335,entity,internal,2
2336,internal,science,2
2337,hackings,framework,1
2338,psillos,tselfes,1
2339,tselfes,kariotoglou2004,1
2340,kariotoglou2004,suggest,1
2341,peters2006,thought,1
2342,improve,science,2
2343,hogan2000,hoganmaglienti2001,2
2344,hoganmaglienti2001,inquiry,1
2345,hoganmaglienti2001,big,1
2346,deboo2000,lind1999,1
2347,lind1999,national,1
2348,lind1999,novak1977,1
2349,lind1999,nses1996,1
2350,novak1977,major,1
2351,overwhelmingly,category_classify,1
2352,overwhelmingly,support,1
2353,nses,science,1
2354,nses,american,1
2355,nses,assert,1
2356,american,national,1
2357,council1996,advocates,1
2358,bredekampcopple1997,child,1
2359,enactment,observe,2
2360,techniques,gather,1
2361,techniques,collect,1
2362,coordination,evidence,1
2363,rely,concept,1
2364,rely,kindergartener,1
2365,tend,view,1
2366,tend,mind,1
2367,mind,speak,1
2368,speak,science,1
2369,speak,enactment,1
2370,emphasize,learn,1
2371,emphasize,child,1
2372,emphasize,important,1
2373,emphasize,student,1
2374,emphasize,collaborative,1
2375,emphasize,value,1
2376,emphasize,science,1
2377,emphasize,place,1
2378,emphasize,add,1
2379,emphasize,dialectical,1
2380,eshachfried2005,yet,1
2381,eshachfried2005,lind1999,1
2382,harlen1996,lind,1
2383,lind,argue,1
2384,advance,child,1
2385,advance,educators,1
2386,whose,child,1
2387,whose,role,1
2388,fleer1993,provide,1
2389,depth,complexity,1
2390,depth,strong,1
2391,bredekampcople1997,eshachfried2005,1
2392,hacking1992,entity,1
2393,occur,teacher,1
2394,occur,adult,1
2395,bridge,toward,1
2396,bridge,current,1
2397,current,science,2
2398,rogoff1990,vygotsky1978,1
2399,ermeling2010,study,1
2400,ermeling2010,french2004,1
2401,inquisitiveness,explore,1
2402,impact,inquiry,1
2403,impact,upon,1
2404,let,child,1
2405,let,alone,1
2406,seven,phase,1
2407,four,phase,1
2408,four,class,1
2409,four,unit,1
2410,four,type,1
2411,3,express,1
2412,3,child,1
2413,3,guide,1
2414,3,employ,1
2415,3,enactment,1
2416,3,target,1
2417,4,open,1
2418,4,report,1
2419,4,just,1
2420,conjunction,multiday,1
2421,multiday,project,1
2422,lens,learn,1
2423,beyond,science,1
2424,beyond,just,1
2425,beyond,traditional,1
2426,beyond,commonplace,1
2427,beyond,usual,1
2428,beyond,thorntonbruton2015,1
2429,p21,nses,1
2430,assert,engage,1
2431,eickreed2002,inquiry,1
2432,bianchinicolburn2000,lambert2007,1
2433,lambert2007,describe_ption,1
2434,judge,1,1
2435,judge,hypothesis,1
2436,judge,count,1
2437,p389,science,1
2438,nrc1996,based,1
2439,nrc1996,bodzinbeerer2003,1
2440,nrc1996,hand,1
2441,bodzinbeerer2003,use,1
2442,rubric,stir,1
2443,stir,use,1
2444,rate,inquiry,1
2445,six,category_classify,1
2446,six,stage,1
2447,prospective,teacher,1
2448,windschitl2003,describe_ption,1
2449,cookbook,laboratory,1
2450,verify,know,1
2451,unknown,ask,1
2452,unknown,answer,1
2453,hand,learn,1
2454,hand,refer,1
2455,hand,open,1
2456,hand,current,1
2457,hand,traditional,1
2458,matching,two,1
2459,along,scaffold,1
2460,along,crosscutting,1
2461,along,childinitiated,1
2462,along,p86,1
2463,trundlesackes2012,research,1
2464,appleton2008,age,1
2465,appleton2008,organise,1
2466,unproductive,especially,1
2467,low,selfregulation,1
2468,low,quality,1
2469,selfregulation,capacities,1
2470,capacities,persistent,1
2471,persistent,misconceptions,1
2472,misconceptions,focus,1
2473,misconceptions,hand,1
2474,traditional,form,1
2475,traditional,static,1
2476,traditional,vocabulary,1
2477,fail,achieve,1
2478,restructuring,need,1
2479,restructuring,means,1
2480,restructuring,regard,1
2481,restructuring,linneylon2006,1
2482,duittreagust2003,holliday2006,1
2483,holliday2006,teacher,1
2484,intended,problem,1
2485,intended,support,1
2486,intended,introduce,1
2487,feature,concern,2
2488,target,concept,2
2489,target,curriculum,2
2490,threestep,structure,2
2491,responsibility,learn,1
2492,sensitive,task,1
2493,ensure,child,1
2494,ensure,intended,1
2495,float,sink,5
2496,sink,child,1
2497,sink,support,1
2498,sink,according,1
2499,sink,water,1
2500,sink,usually,1
2501,usually,involve,1
2502,salient,feature,1
2503,weight,size,2
2504,size,consist,1
2505,size,according,1
2506,properties,kindergartener,1
2507,properties,animal,1
2508,properties,case,1
2509,samematerial,object,1
2510,verbal,distinction,1
2511,verbal,report,1
2512,verbal,nonverbally,1
2513,nonverbally,structure,1
2514,invitation,compare,1
2515,namygentner2002,present,1
2516,stimulate,child,2
2517,expectations,scaffold,1
2518,expectations,school,1
2519,expectations,type,1
2520,justify,find,1
2521,justify,argue,1
2522,bybee2006,molleretal2012,1
2523,molleretal2012,wisersmith2008,1
2524,wisersmith2008,point,1
2525,plastic,object,1
2526,plastic,adjective,1
2527,plastic,shininess,1
2528,plastic,opposed,1
2529,adjective,guide,1
2530,shininess,lightness,1
2531,lightness,flexibility,1
2532,p209,grammatical,1
2533,grammatical,construct,1
2534,opposed,cup,1
2535,cup,draw,1
2536,attention,material,1
2537,detect,similar,1
2538,detect,solve,1
2539,detect,problem,1
2540,detect,alternative,1
2541,appear,behavior,1
2542,concern,science,1
2543,concern,issue,1
2544,concern,float,1
2545,concern,interface,1
2546,concern,micropolitics,1
2547,solid,object,1
2548,put,science,1
2549,put,forward,1
2550,problemsolving,context,1
2551,problemsolving,meaning,1
2552,hmelosilver2006authentic,complex,1
2553,pintrich,marxboyle1993,1
2554,marxboyle1993,allow,1
2555,mayerwittrock2006,give,1
2556,linneylon2006,meaning,1
2557,contextual,ask,1
2558,contextual,complex,1
2559,avoid,often,1
2560,unable,place,1
2561,fruitful,leave,1
2562,leave,child,1
2563,organise,learn,2
2564,schiefelepekrun1996,ensure,1
2565,indeed,stimulate,1
2566,selfreliant,learner,1
2567,hiemstra2000,threestep,1
2568,bscs,5e,1
2569,motivation,engage,1
2570,motivation,goal,1
2571,motivation,introduce,1
2572,groupconcerning,young,1
2573,capability,natural,1
2574,capability,use,1
2575,capability,engage,1
2576,capability,furnished,1
2577,coneziofrench2002,limit,1
2578,executive,function,1
2579,garon,brysonsmith2008,1
2580,brysonsmith2008,operation,1
2581,operation,phase,1
2582,fading,aids,1
2583,aids,carry,1
2584,lepperetal1997,reflect,1
2585,kuhn2009,teacher,1
2586,mistakes,opportunity,1
2587,mistakes,reconstruct,1
2588,experiential,education,6
2589,oversimplified,learn,1
2590,breunig2008,roberts2011,1
2591,roberts2011,dewey,1
2592,founders,experiential,1
2593,belief,subject,1
2594,belief,policy,1
2595,isolation,emphasize,1
2596,local,community,1
2597,local,organise,1
2598,embraces,transdisciplinary,1
2599,transdisciplinary,pedagogy,1
2600,transdisciplinary,learn,1
2601,transdisciplinary,classroom,1
2602,transdisciplinary,experiential,1
2603,transdisciplinary,classroombased,1
2604,recreate,knowledge,1
2605,commonplace,reference,1
2606,reference,hand,1
2607,trips,internships,1
2608,internships,include,1
2609,studentcentred,learn,1
2610,studentcentred,experiential,1
2611,gordon2009,savery2006,2
2612,savery2006,inquiry,2
2613,forward,inquiry,2
2614,ontarioministryofeducation2013,view,2
2615,possessing,capable,1
2616,capable,critical,2
2617,fielding2012,savery2006,2
2618,classroombased,platform,1
2619,knowledgepossessing,capable,1
2620,breunig2013,savery2006,1
2621,greifetal2006,kindergartener,1
2622,hold,different,1
2623,novel,animal,1
2624,inanimate,artifact,1
2625,artifact,use,1
2626,artifact,phase,1
2627,artifact,give,1
2628,artifact,predict,1
2629,artifact,carey1985,1
2630,mobile,artifact,3
2631,arguably,target,1
2632,awareness,science,1
2633,awareness,living–nonliving,1
2634,living–nonliving,kind,1
2635,member,science,1
2636,member,food,1
2637,food,choice,1
2638,backscheideretal1993,inagakihatano2002,1
2639,inagakihatano2002,keil1992,1
2640,keil1992,opfergelman2001,1
2641,opfergelman2001,opfersiegler2004,1
2642,opfersiegler2004,however,1
2643,opfersiegler2004,kindergartener,1
2644,opfersiegler2004,richardssiegler1984,1
2645,correct,answer,1
2646,correct,assign,1
2647,correct,distinguish,1
2648,living,nonliving,1
2649,living,immobile,1
2650,nonliving,kind,1
2651,nonliving,opfersiegler2004,1
2652,immobile,object,1
2653,immobile,artifact,1
2654,alive,take,1
2655,alive,plant,1
2656,alive,four,1
2657,contrast,adult,1
2658,encounter,difficult,1
2659,word,data,1
2660,word,help,1
2661,word,alive,1
2662,word,everyday,1
2663,carey1985,hatanoetal1993,1
2664,hatanoetal1993,meuniercordier2004,1
2665,meuniercordier2004,opfersiegler2004,1
2666,richardssiegler1984,waxman2005,1
2667,conceptualise,science,1
2668,mediation,guide,1
2669,mediation,interpret,1
2670,england,allow,1
2671,farmery2002,howedavies2005,1
2672,howedavies2005,explore,1
2673,risks,explore,1
2674,happen,start,1
2675,happen,driveretal,1
2676,happen,secondary,1
2677,schulz2012,explore,1
2678,exert,influence,1
2679,bjorklundgardiner2011p154,explore,1
2680,johnston2005,point,1
2681,johnston2005,example,1
2682,buoyancy,find,1
2683,item,will,1
2684,explorers,logical,1
2685,expect,child,1
2686,keen,observation,1
2687,deboo2006,harlen2000,1
2688,harlen2000,child,1
2689,observers,learn,1
2690,much,watch,1
2691,much,nation,1
2692,watch,copying,1
2693,copying,others,1
2694,everyday,observation,2
2695,rogoff2003,however,1
2696,go,child,1
2697,go,beyond,1
2698,go,pouring,1
2699,seeingit,involve,1
2700,noticing,describe_ption,1
2701,sounds,made,1
2702,container,child,1
2703,touch,listen,1
2704,sound,object,1
2705,sound,interpret,1
2706,quietest,loudest,1
2707,loudest,sound,1
2708,sensemakingis,highlighted,1
2709,highlighted,state,1
2710,eyfs,science,1
2711,viewis,key,1
2712,enquiring,minds,1
2713,minds,science,1
2714,whilst,explore,1
2715,whilst,explain,1
2716,kallery2004,caveat,1
2717,caveat,explore,1
2718,bruner,conceptualised,1
2719,conceptualised,aim,1
2720,memorise,body,1
2721,bruner1966p72,important,1
2722,questionableharlen2000and,role,1
2723,blakehowitt2012,harlen1999,1
2724,harlen1999,johnston2009,1
2725,johnston2009,howe,1
2726,howe,davies2005,2
2727,davies2005,explain,1
2728,davies2005,claim,1
2729,black,hughes2003,1
2730,hughes2003,lemke2001,1
2731,lemke2001,concur,1
2732,concur,stress,1
2733,stress,vital,1
2734,contextualised,bound,1
2735,bound,previous,1
2736,socially,construct,1
2737,people,around,1
2738,required,mediate,1
2739,mediate,child,2
2740,resonates,vygotskian,1
2741,vygotskian,sociocultural,1
2742,sociocultural,practice,1
2743,sociocultural,theory,1
2744,sociocultural,norm,1
2745,moreable,peers,1
2746,vygotsky19781986,aim,1
2747,claim,child,1
2748,claim,process,1
2749,claim,explore,1
2750,claim,evidence,1
2751,claim,2,1
2752,claim,select,1
2753,claim,second,1
2754,claim,television,1
2755,carefully,thing,3
2756,practitioner,suggest,1
2757,evenapparently,free,1
2758,intentional,sequence,1
2759,howeverthey,caution,1
2760,vary,observation,1
2761,andor,play,1
2762,andor,extend,1
2763,andor,heard,1
2764,childinitiated,explore,1
2765,intervening,key,1
2766,initiate,inquiry,1
2767,initiate,learn,1
2768,initiate,activity,1
2769,initiate,project,1
2770,deliberate,develop,1
2771,p159,balance,1
2772,balance,know,1
2773,intervene,child,1
2774,intervene,pedagogic,1
2775,nuanced,meaning,1
2776,nuanced,skill,1
2777,behalf,teacher,1
2778,pedagogic,skill,1
2779,covers,aspect,1
2780,train,address,1
2781,address,question,1
2782,address,many,1
2783,address,interaction,1
2784,address,within,1
2785,strength,early,1
2786,premise,science,1
2787,premise,paper,1
2788,staff,use,1
2789,assist,develop,1
2790,primarily,science,1
2791,datausing,mathematical,1
2792,computational,think,1
2793,less,frequent,1
2794,less,norm,1
2795,less,compassionate,1
2796,fulp2002,trygstadetal2013,1
2797,interface,content,1
2798,immersion,within,1
2799,strategically,select,1
2800,c,challenge,1
2801,c,entwining,1
2802,entwining,content,1
2803,toplevel,goal,1
2804,subgoals,c,1
2805,delight,structure,1
2806,illstructured,last,1
2807,albeit,connect,1
2808,top,level,1
2809,assess,design,1
2810,mayr1997,describe_ption,1
2811,unexplained,irregularity,1
2812,irregularity,anomaly,1
2813,anomaly,arise,1
2814,puzzle,test,1
2815,puzzle,emerge,1
2816,conjecture,solve,1
2817,conjecture,consider,1
2818,conjecture,hypothesis,1
2819,strong,naïve,2
2820,naïve,realism,3
2821,realism,inquiry,2
2822,secondary,resource,1
2823,secondary,classroom,1
2824,secondary,school,1
2825,manifest,within,1
2826,manifest,subsequent,1
2827,subsequent,relation,1
2828,subsequent,experience,1
2829,subsequent,interview,1
2830,away,phenomenology,1
2831,phenomenology,inquiry,1
2832,variable,however,1
2833,driveretals,finer,1
2834,finer,grain,1
2835,grain,specify,1
2836,grain,impediment,1
2837,vestiges,naïve,1
2838,observable,feature,1
2839,takenforgranted,exist,1
2840,p115,student,1
2841,p115,small,1
2842,onetoone,correspond,1
2843,factor,p115,1
2844,minority,16yearolds,1
2845,16yearolds,exhibited,1
2846,exhibited,model,1
2847,provisional,status,1
2848,status,arise,1
2849,directly,data,1
2850,coherent,story,1
2851,posited,theoretical,1
2852,imagination,conjecture,1
2853,lehrerschauble2000,many,1
2854,syntactic,analogical,1
2855,analogical,model,1
2856,hypotheticaldeductive,model,1
2857,adequacy,study,1
2858,instrument,address,1
2859,instrument,reveal,1
2860,policy,move,1
2861,policy,reforms,1
2862,situate,interaction,1
2863,situate,science,1
2864,trend,education,1
2865,trend,consistent,1
2866,recent,understand,1
2867,recent,work,1
2868,osborne2014,osborne,1
2869,osborne,argue,1
2870,commitment,evidence,1
2871,reforms,united,1
2872,aligned,approach,1
2873,adopting,focus,1
2874,core,idea,1
2875,core,concept,1
2876,exemplified,new,1
2877,ngss,achieve,1
2878,nrc2012,every,1
2879,nrc2012,examination,1
2880,examination,use,1
2881,7,engage,1
2882,evidenceexplanation,ee,1
2883,ee,continuum,1
2884,continuum,involve,1
2885,ascertain,pattern,1
2886,duschl,point,1
2887,duschl,grandy2008these,1
2888,outeach,se,1
2889,se,transitions,1
2890,transitions,involve,1
2891,count,evidence,1
2892,count,data,1
2893,second,one,1
2894,second,dimension,1
2895,second,many,1
2896,second,appropriate,1
2897,second,transgressive,1
2898,potential,explore,1
2899,potential,appropriate,1
2900,disconfirm,claim,1
2901,day,child,1
2902,day,ask,1
2903,day,demonstrate,1
2904,fiction,nonfiction,1
2905,nonfiction,text,1
2906,wrap,project,1
2907,wrap,language,1
2908,chart,draw,1
2909,sociocognitive,process,1
2910,resembling,use,1
2911,resembling,andor,1
2912,reconstruct,theory,1
2913,reconstruct,ideas2015p17,1
2914,gottduggan1995,etkinavanheuvelen2007,1
2915,etkinavanheuvelen2007,problem,1
2916,blumniss1991,erickson1999,1
2917,erickson1999,lubienski1999,1
2918,lubienski1999,model,1
2919,constantinou1999,english2003,1
2920,english2003,leshlehrer2003,1
2921,leshlehrer2003,loucazacharia2012,1
2922,loucazacharia2012,means,1
2923,generic,epistemic,1
2924,cpd,program,1
2925,impose,idea,1
2926,earlyetal2005,laparoetal2004,1
2927,zechetal2000,emphasize,1
2928,originated,classroom,1
2929,enough,time,1
2930,enough,enable,1
2931,enough,second,1
2932,slp,start,1
2933,slp,place,1
2934,slp,program,1
2935,panel,experts,1
2936,experts,summarize,1
2937,grandy2008these,design,1
2938,validation,evaluate,1
2939,norm,practice,2
2940,scholars,agree,1
2941,regulation,science,1
2942,posit,inquiry,1
2943,unique,content,1
2944,chinnsamarapungavan2008,suppes19601962,1
2945,suppes19601962,woodward1989,1
2946,woodward1989,slp,1
2947,vocabulary,study,1
2948,vocabulary,term,1
2949,vocabulary,word,1
2950,laws,hypothesis,1
2951,ongoing,debate,1
2952,ongoing,basis,1
2953,utility,term,1
2954,history,philosophy,1
2955,philosophy,science,1
2956,philosophy,mathematical,1
2957,cartwright19831999,giere1988kuhn1962,1
2958,giere1988kuhn1962,laudan1990,1
2959,laudan1990,elaborate,1
2960,publications,slp,1
2961,spaces,representation,1
2962,conventions,knowledge,1
2963,criterion,built,1
2964,criterion,evaluate,1
2965,preinquiry,activity,1
2966,post,inquiry,1
2967,presentations,discuss,1
2968,limitations,empowering,1
2969,empowering,child,1
2970,zhangetal2011,many,1
2971,indicators,reveal,1
2972,reveal,child,1
2973,reveal,science,1
2974,reveal,clues,1
2975,parents,actual,1
2976,parents,whose,1
2977,participated,inquiry,1
2978,eshach2011p442,say,1
2979,administered,science,1
2980,invention,compare,1
2981,intervention,group,1
2982,scores,compare,1
2983,respect,take,1
2984,respect,acquire,1
2985,respect,predetermined,1
2986,wondering,ask,1
2987,provoked,sense,1
2988,human,interaction,1
2989,human,activity,1
2990,human,beings,1
2991,beings,discover,1
2992,desire,learn,1
2993,harlanrivkin2008p4,barell2008,1
2994,barell2008,state,1
2995,born,sense,1
2996,foster,keep,1
2997,keep,child,2
2998,wonder,journal,1
2999,journal,develop,1
3000,problematic,experience,1
3001,problematic,scenarios,1
3002,scenarios,provide,1
3003,scenarios,meaning,1
3004,scenarios,garnering,1
3005,garnering,parental,1
3006,parental,support,1
3007,rankin2011,express,1
3008,sustained,effect,1
3009,bentleyetal2007,martinetal2009,1
3010,martinetal2009,fact,1
3011,martinetal2009,appropriate,1
3012,aware,use,1
3013,aware,science,1
3014,nowadays,educators,1
3015,endeavor,develop,1
3016,nation,risk,2
3017,obvious,example,1
3018,endeavors,1981,1
3019,1981,commission,1
3020,commission,constitute,1
3021,commission,released,1
3022,quality,teacher,1
3023,quality,education,1
3024,quality,version,1
3025,almost,two,1
3026,released,report,1
3027,named,nation,1
3028,imperative,education,1
3029,reform,examine,1
3030,courses,recommend,1
3031,citizens,literate,1
3032,citizens,bahar2006,1
3033,anationatrisk1983,early,1
3034,2000s,strong,1
3035,effort,start,1
3036,effort,main,1
3037,turkey,revise,1
3038,parallel,new,1
3039,bulut2007,aim,1
3040,bahar2006,include,1
3041,clues,understand,1
3042,extent,turkish,1
3043,turkish,kindergartener,1
3044,dialectical,relation,1
3045,dialectical,approach,1
3046,interactants,continue,1
3047,dialoaic,interaction,1
3048,ash2004,share,1
3049,gallas1995,lemke1990,1
3050,lemke1990,dialectical,1
3051,depict,complexity,1
3052,depict,social,1
3053,engestrommiettinen1999p9,framework,1
3054,pertain,science,1
3055,pouring,one,1
3056,volume,organization,1
3057,feeds,constitute,1
3058,goal–orient,interaction,1
3059,standardized,ore,1
3060,standardized,canonical,1
3061,ore,stablished,1
3062,stablished,way,1
3063,contrary,discourse,1
3064,precede,origin,1
3065,origin,standardized,1
3066,canonical,discourse,1
3067,schliebenlange1987,function,1
3068,institutional,set,1
3069,rooted,learner,1
3070,configuring,participate,1
3071,pekarekdoehlerziegler2007p85,discourse,1
3072,consequently,time,1
3073,informal,science,1
3074,unfolding,dialogue,1
3075,energy,lijnse1990,1
3076,lijnse1990,trumper1990,1
3077,trumper1990,previous,1
3078,vanhooketal2005,vanhookhuziakclark2007b,1
3079,vanhookhuziakclark2007b,kindergarten,1
3080,air,magnetism,1
3081,magnetism,taught,1
3082,succinct,phrase,1
3083,phrase,express,1
3084,phrase,cognitive,1
3085,phrase,manner,1
3086,hooks,help,1
3087,hooks,capture,1
3088,hooks,lift,1
3089,capture,key,2
3090,multisensory,activity,2
3091,ripe,model,3
3092,aid,student,1
3093,abstract,concept,1
3094,kinesthetic,move,1
3095,song,key,1
3096,remember,apply,1
3097,intensely,rather,1
3098,brief,phrase,1
3099,lift,squeeze,1
3100,squeeze,stretch,1
3101,stretch,twist,1
3102,twist,capture,1
3103,devolve,lecture,1
3104,lecture,concept,1
3105,flourish,approach,1
3106,helmkatz2011,phase,1
3107,helmkatz2011,ideally,1
3108,ideally,child,1
3109,due,nature,1
3110,constraints,mini,1
3111,mini,project,1
3112,rain,ask,1
3113,rain,come,1
3114,rain,based,1
3115,rain,simulation,1
3116,rain,measurement,1
3117,rain,weather,1
3118,weather,phase,1
3119,weather,expand,1
3120,extracted,previous,1
3121,afterwards,explore,1
3122,returned,web,1
3123,indepth,study,1
3124,twoweek,span,1
3125,span,rain,1
3126,performed,rain,1
3127,referenced,secondary,1
3128,showcase,knowledge,1
3129,culminating,activity,1
3130,experiencepeters2006,thought,1
3131,rop2002,work,1
3132,–,inquiry,1
3133,–,often,1
3134,–,necessary,1
3135,–,weighed,1
3136,receptive,context,3
3137,outpouring,question,1
3138,ambivalent,best,1
3139,contradictory,feelings,1
3140,feelings,need,1
3141,honour,child,1
3142,struggle,understand,1
3143,weighed,seemingly,1
3144,seemingly,incompatible,1
3145,incompatible,need,1
3146,maximize,teacher,1
3147,cover,expectations,1
3148,compassionate,teacher,1
3149,annoying,going,1
3150,going,grain,1
3151,impediment,overbearing,1
3152,overbearing,test,1
3153,patience,particular,1
3154,patience,exhorting,1
3155,arrive,frequent,1
3156,receiving,common,1
3157,common,wisdom,1
3158,wisdom,many,1
3159,rapid,succession,1
3160,succession,without,1
3161,exhorting,great,1
3162,power,say,1
3163,attitudes,impact,1
3164,discouraged,school,1
3165,nursery,time,1
3166,micropolitics,real,1
3167,pedrosadejesusetal2012,illustrate,1
3168,occasion,family,1
3169,occasion,brezillon20032005,1
3170,brezillon20032005,particular,1
3171,intellectual,environment,1
3172,caudron2000p55,positive,1
3173,positive,receptive,1
3174,usual,practice,1
3175,prime,criterion,1
3176,arepositive,numerous,1
3177,numerous,instance,1
3178,dismissed,welcomed,1
3179,welcomed,let,1
3180,answerable,many,1
3181,wattspedrosadejesus2006,interest,1
3182,mode,question,1
3183,resolution,investigable,1
3184,investigable,question,1
3185,chinkayalvizhi2002,suggest,1
3186,chinkayalvizhi2002,graessermcmahen1993,1
3187,chinkayalvizhi2002,arnold2009,1
3188,graessermcmahen1993,require,1
3189,ingredient,central,1
3190,ingredient,vastly,1
3191,questionasking,second,1
3192,transgressive,play,1
3193,third,good,1
3194,tack,inquiry,1
3195,vastly,important,1
3196,entailed,within,1
3197,arnold2009,good,1
3198,full,engage,1
3199,full,life,1
3200,full,apply,1
3201,remaining,broad,1
3202,spring,odd,1
3203,odd,event,1
3204,passing,thought,1
3205,occurrence,chance,1
3206,television,advert,1
3207,advert,pets,1
3208,pets,habits,1
3209,habits,family,1
3210,sporting,occasion,1
3211,obsessions,hobbies,1
3212,hobbies,process,1
3213,disequilibrium,detect,1
3214,wattspedrosadejesus2010,come,1
3215,clash,experience,1
3216,overlay,knowledge,1
3217,wattsalsop1995in,way,1
3218,precurser,cognitive,1
3219,acceleration,science,1
3220,dissonance,mccormacketal2014,1
3221,mccormacketal2014,say,1
3222,chinkayalvizhi2005,make,1
3223,thorntonbruton2015,point,1
3224,thorntonbruton2015,say,1
3225,earlyyears,inquiry,1
3226,reggioemilio,approach,1
3227,opinions,child,1
3228,opinions,bridge,1
3229,opinions,accepting,1
3230,stands,center,1
3231,paved,playground,1
3232,playground,heavy,1
3233,heavy,spate,1
3234,spate,rain,1
3235,seriously,use,1
3236,unafraid,make,1
3237,ideas2015p17,adult,1
3238,intervenes,little,1
3239,predetermined,curriculum,1
3240,expertise,experience,1
3241,useful,enhance,1
3242,furnished,better,1
3243,kennedy2009,nctm2000,1
3244,positively,stimulate,1
3245,future,function,1
3246,conflict,scenarios,2
3247,nrc2000,include,1
3248,richards1991,describe_ption,1
3249,yackeletal1990,claim,1
3250,participative,learn,1
3251,comprehend,see,1
3252,heard,bring,1
3253,short,inquiry,1
3254,autonomy,manipulation,1
3255,firsthand,instruction,1
3256,offers,teacher,1
3257,abundant,opportunity,1
3258,higherlevel,mathematical,1
3259,enthusiastic,thinker,1
3260,thinker,active,1
3261,accepting,others,1
3262,rationale,nrc1996nrc2012,1
3263,nrc1996nrc2012,study,1
3264,bybee1997,built,1
3265,orgillthomas2007,well,1
3266,liferelated,problem,1
3267,error,attempts,1
3268,attempts,systematic,1
3269,osterman1998p4,result,1
3270,past,experience,1
3271,requiring,child,1
3272,precept,full,1
3273,constructivity,principle,1
3274,manipulatives,whereby,1
3275,dieness1973,theory,1
3276,36,inquiry,1
3277,merged,problem,1
3278,symbolization,integrate,1
3279,fourstage,develop,1
3280,exercising,brain,1
3281,brain,problem,1
3282,executing,problem,1
3283,causes,cognitive,1
