"","x"
"1","practice"
"2","inquiry"
"3","think"
"4","pedagogy"
"5","digital"
"6","age"
"7","opportunity"
"8","reconsider"
"9","basic"
"10","model"
"11","teacher"
"12","learn"
"13","one"
"14","start"
"15","point"
"16","interest"
"17","learner"
"18","category_classify"
"19","dewey"
"20","conversation"
"21","communicate"
"22","find"
"23","things"
"24","make"
"25","construct"
"26","artistic"
"27","expression"
"28","called"
"29","natural"
"30","resource"
"31","uninvested"
"32","capital"
"33","upon"
"34","depend"
"35","active"
"36","growth"
"37","child"
"38","dewey1956pp47<U+2013>48"
"39","state"
"40","similar"
"41","idea"
"42","process"
"43","form"
"44","stage"
"45","reflective"
"46","action"
"47","definition"
"48","latter"
"49","use"
"50","situation"
"51","provide"
"52","descriptive"
"53","account"
"54","survive"
"55","world"
"56","controlled"
"57","direct"
"58","transformation"
"59","indetermine"
"60","determine"
"61","constituent"
"62","distinction"
"63","relation"
"64","convert"
"65","elements"
"66","original"
"67","unified"
"68","whole"
"69","inspire"
"70","source"
"71","fundamental"
"72","begin"
"73","spiral"
"74","path"
"75","envisioned"
"76","ask"
"77","question"
"78","investigate"
"79","solution"
"80","create"
"81","discuss"
"82","discover"
"83","experiences"
"84","reflect"
"85","new"
"86","knowledge"
"87","follow"
"88","brucebishop2002"
"89","phase"
"90","lead"
"91","next"
"92","authentic"
"93","teachable"
"94","moment"
"95","explore"
"96","turn"
"97","brucedavidson1996"
"98","thus"
"99","solve"
"100","problem"
"101","may"
"102","reformulate"
"103","posing"
"104","closely"
"105","tied"
"106","dialogue"
"107","others"
"108","cycle"
"109","present"
"110","aspect"
"111","need"
"112","support"
"113","success"
"114","environment"
"115","serve"
"116","boundary"
"117","object"
"118","stargriesmer1989"
"119","allow"
"120","us"
"121","relate"
"122","theory"
"123","ordinary"
"124","look"
"125","across"
"126","modes"
"127","context"
"128","inform"
"129","guide"
"130","education"
"131","important"
"132","note"
"133","merely"
"134","suggestive"
"135","neither"
"136","sole"
"137","complete"
"138","rigid"
"139","characterization"
"140","actual"
"141","rarely"
"142","proceeds"
"143","simple"
"144","linear"
"145","fashion"
"146","five"
"147","dimension"
"148","overlap"
"149","every"
"150","given"
"151","embed"
"152","fact"
"153","nature"
"154","mutual"
"155","reinforce"
"156","interrelate"
"157","despite"
"158","complex"
"159","highlights"
"160","otherwise"
"161","opaque"
"162","reminds"
"163","develop"
"164","arise"
"165","experience"
"166","meaning"
"167","genuine"
"168","reallife"
"169","challenge"
"170","refer"
"171","part"
"172","include"
"173","individual"
"174","participate"
"175","community"
"176","something"
"177","delivered"
"178","outside"
"179","example"
"180","come"
"181","early"
"182","study"
"183","computer"
"184","research"
"185","found"
"186","student"
"187","become"
"188","engaged"
"189","bug"
"190","software"
"191","behavior"
"192","led"
"193","deep"
"194","programming"
"195","enormous"
"196","different"
"197","answer"
"198","someone"
"199","elses"
"200","formulate"
"201","oldsschwartzwillie1980p40"
"202","caution"
"203","alway"
"204","well"
"205","articulate"
"206","elspethhuxley1959"
"207","best"
"208","way"
"209","fire"
"210","like"
"211","firing"
"212","gun"
"213","bang"
"214","goes"
"215","everything"
"216","take"
"217","flight"
"218","runs"
"219","shelter"
"220","sit"
"221","quite"
"222","still"
"223","pretend"
"224","little"
"225","will"
"226","peck"
"227","round"
"228","feet"
"229","venture"
"230","forth"
"231","thickets"
"232","intent"
"233","creep"
"234","sun"
"235","stone"
"236","patient"
"237","see"
"238","understand"
"239","great"
"240","deal"
"241","man"
"242","p272"
"243","variety"
"244","possible"
"245","many"
"246","suggests"
"247","require"
"248","diverse"
"249","material"
"250","interaction"
"251","also"
"252","moral"
"253","physical"
"254","emotional"
"255","aesthetic"
"256","practical"
"257","inherent"
"258","enhance"
"259","addons"
"260","gather"
"261","information"
"262","craft"
"263","experiment"
"264","observe"
"265","interview"
"266","recast"
"267","refine"
"268","line"
"269","query"
"270","plunge"
"271","anticipate"
"272","selfmotivated"
"273","owned"
"274","picks"
"275","term"
"276","meanings"
"277","handson"
"278","imply"
"279","creation"
"280","meaninging"
"281","collaboration"
"282","role"
"283","coalesce"
"284","connect"
"285","ability"
"286","synthesize"
"287","creative"
"288","spark"
"289","now"
"290","undertake"
"291","task"
"292","shape"
"293","significant"
"294","thought"
"295","theoryextend"
"296","hisher"
"297","prior"
"298","implicit"
"299","although"
"300","personal"
"301","social"
"302","arrangements"
"303","involve"
"304","listen"
"305","enterprise"
"306","share"
"307","building"
"308","relevance"
"309","society"
"310","compare"
"311","conclusion"
"312","multiple"
"313","media"
"314","online"
"315","network"
"316","tells"
"317","recognise"
"318","say"
"319","whether"
"320","transformed"
"321","later"
"322","work"
"323","sch<U+00A8>on1987"
"324","express"
"325","thereby"
"326","able"
"327","move"
"328","concept"
"329","indeterminacies"
"330","continue"
"331","time"
"332","back"
"333","initial"
"334","made"
"335","inventory"
"336","observation"
"337","decision"
"338","light"
"339","might"
"340","circle"
"341","break"
"342","structure"
"343","whereby"
"344","pupils"
"345","design"
"346","class"
"347","activity"
"348","conditions"
"349","left"
"350","unsupport"
"351","draw"
"352","manage"
"353","impulses"
"354","toward"
"355","project"
"356","goal"
"357","often"
"358","classroom"
"359","times"
"360","seek"
"361","arouse"
"362","specify"
"363","within"
"364","group"
"365","encourage"
"366","function"
"367","scaffold"
"368","primary"
"369","ahead"
"370","signature"
"371","sharply"
"372","define"
"373","instead"
"374","set"
"375","open"
"376","ended"
"377","authors"
"378","argue"
"379","general"
"380","product"
"381","literacy"
"382","unlike"
"383","empirical"
"384","result"
"385","alone"
"386","analyse"
"387","removed"
"388","sense"
"389","grow"
"390","know"
"391","attend"
"392","wide"
"393","range"
"394","shown"
"395","value"
"396","center"
"397","orient"
"398","powerful"
"399","end"
"400","lives"
"401","report"
"402","detail"
"403","employ"
"404","soundness"
"405","viability"
"406","enriched"
"407","enable"
"408","offering"
"409","entry"
"410","picture"
"411","facilitate"
"412","sustain"
"413","expand"
"414","review"
"415","outputs"
"416","photo"
"417","story"
"418","web"
"419","site"
"420","elementary"
"421","school"
"422","university"
"423","partner"
"424","sought"
"425","science"
"426","formal"
"427","introduce"
"428","infer"
"429","evidence"
"430","qualitative"
"431","quantitative"
"432","data"
"433","confirm"
"434","derived"
"435","senses"
"436","interpret"
"437","based"
"438","young"
"439","attain"
"440","specific"
"441","strategies"
"442","attainment"
"443","akersonvolrich2006"
"444","khishfeabdelkhalick2002"
"445","metz2004"
"446","throughout"
"447","documents"
"448","scientist"
"449","done"
"450","repeated"
"451","increase"
"452","level"
"453","proficient"
"454","bybee2011"
"455","michaelsetal2008"
"456","engage"
"457","crosscutting"
"458","disciplinary"
"459","engineering"
"460","moreover"
"461","worldview"
"462","nrc2012p42"
"463","good"
"464","frame"
"465","anderson2002"
"466","framework"
"467","instruction"
"468","und"
"469","evaluate"
"470","furtaketal2012"
"471","suggest"
"472","two"
"473","cognitive"
"474","regard"
"475","minneretal2009"
"476","conceptual"
"477","p20"
"478","consistent"
"479","duschl2008"
"480","identify"
"481","epistemic"
"482","principle"
"483","consist"
"484","generate"
"485","comprise"
"486","realize"
"487","curriculum"
"488","instance"
"489","ibse"
"490","commonly"
"491","according"
"492","degree"
"493","free"
"494","operate"
"495","belletal2005"
"496","accompanied"
"497","debate"
"498","effect"
"499","minimally"
"500","versus"
"501","hmelosilveretal2007"
"502","kirschneretal2006"
"503","typical"
"504","ie"
"505","however"
"506","peers"
"507","high"
"508","particular"
"509","fostering"
"510","subject"
"511","matter"
"512","limited"
"513","hardyetal2006"
"514","large"
"515","body"
"516","far"
"517","proposee"
"518","treagustduit2008"
"519","reach"
"520","consider"
"521","slow"
"522","gradual"
"523","rather"
"524","dramatic"
"525","gestalttype"
"526","shift"
"527","paradigms"
"528","caravitahallden1994"
"529","spontaneously"
"530","explanation"
"531","phenomenon"
"532","daily"
"533","life"
"534","carey2000"
"535","view"
"536","preinstruction"
"537","partially"
"538","entirely"
"539","inadequate"
"540","furthermore"
"541","place"
"542","demands"
"543","language"
"544","summarize"
"545","oral"
"546","write"
"547","format"
"548","leefradd1998"
"549","sufficient"
"550","explain"
"551","akersonetal2000"
"552","osborneetal2004"
"553","van"
"554","boxteletal2000"
"555","skill"
"556","tractable"
"557","difficult"
"558","add"
"559","poor"
"560","hence"
"561","especially"
"562","beneficial"
"563","risk"
"564","achieve"
"565","lamainalapates"
"566","program"
"567","advocates"
"568","incites"
"569","around"
"570","acquire"
"571","content"
"572","reason"
"573","master"
"574","french"
"575","shares"
"576","broad"
"577","main"
"578","contribute"
"579","child<U+2019>s"
"580","critical"
"581","thinking"
"582","reasoning"
"583","lamainalapates2000"
"584","saltiel2006"
"585","sarmantetal2011"
"586","promote"
"587","teacher<U+2019>s"
"588","expected"
"589","carry"
"590","raise"
"591","vital"
"592","influence"
"593","5e"
"594","bybeeetal2006"
"595","bio"
"596","gets"
"597","sequence"
"598","atkinskarplus1962"
"599","constitute"
"600","formation"
"601","extension"
"602","3e"
"603","piagets"
"604","mental"
"605","marek2008"
"606","establish"
"607","constructivism"
"608","approach"
"609","assume"
"610","bring"
"611","test"
"612","existing"
"613","real"
"614","family"
"615","easy"
"616","assimilated"
"617","accommodation"
"618","fit"
"619","unfamily"
"620","colburn2003"
"621","researchbased"
"622","incorporate"
"623","notion"
"624","setting"
"625","cooperation"
"626","coconstruct"
"627","essential"
"628","itemized"
"629","manner"
"630","guest"
"631","editorial"
"632","bybee2014"
"633","respond"
"634","recommend"
"635","enumerates"
"636","implications"
"637","usage"
"638","application"
"639","era"
"640","generation"
"641","standards"
"642","ngss2013"
"643","preferable"
"644","timeframe"
"645","longterm"
"646","period"
"647","gives"
"648","unit"
"649","spanning"
"650","2<U+2013>3"
"651","weeks"
"652","lose"
"653","bybee"
"654","omitting"
"655","nrc1999"
"656","rearrange"
"657","renner"
"658","abrahambernie1988"
"659","integrity"
"660","seem"
"661","inflexible"
"662","suitable"
"663","childhood"
"664","repetition"
"665","chance"
"666","extend"
"667","flexibility"
"668","prerequisite"
"669","deem"
"670","necessary"
"671","grade"
"672","yoononchwari2006"
"673","kindergartener"
"674","fledgling"
"675","milleretal2013"
"676","last"
"677","century"
"678","investigative"
"679","competencies"
"680","compatible"
"681","playbased"
"682","hatch2010"
"683","integrate"
"684","play"
"685","nsta2014"
"686","position"
"687","declares"
"688","educators"
"689","nurture"
"690","focus"
"691","ngssleadtates2013"
"692","academic"
"693","modify"
"694","version"
"695","method"
"696","course"
"697","midwest"
"698","united"
"699","20"
"700","4year"
"701","olds"
"702","taught"
"703","preservice"
"704","enrolled"
"705","major"
"706","field"
"707","lesson"
"708","plan"
"709","adult"
"710","assign"
"711","voluntary"
"712","first"
"713","specifically"
"714","outdoor"
"715","acreage"
"716","frequently"
"717","climbing"
"718","logs"
"719","wood"
"720","grounded"
"721","dam"
"722","ditch"
"723","pieces"
"724","chasing"
"725","frog"
"726","space"
"727","crevice"
"728","spiders"
"729","excited"
"730","independent"
"731","session"
"732","topic"
"733","plant"
"734","animal"
"735","characteristic"
"736","habitats"
"737","landscape"
"738","attribute"
"739","robust"
"740","namely"
"741","elaborate"
"742","describe_ption"
"743","purpose"
"744","text"
"745","perceive"
"746","cultural<U+2013>historical"
"747","viewpoint"
"748","section"
"749","trundleetal2010"
"750","contemporary"
"751","intuitive"
"752","gopnik2012"
"753","pts"
"754","provocateur"
"755","wien2014"
"756","central"
"757","tenets"
"758","reformbased"
"759","bransfordetal2000"
"760","broken"
"761","small"
"762","krajciketal2003"
"763","2014"
"764","national"
"765","associate"
"766","nsta"
"767","stressed"
"768","order"
"769","strengthen"
"770","council"
"771","nrc20072012"
"772","drive"
"773","conduct"
"774","appropriate"
"775","tools"
"776","equipment"
"777","nsta2004a"
"778","crucial"
"779","component"
"780","older"
"781","reading"
"782","build"
"783","faced"
"784","alternative"
"785","representation"
"786","element"
"787","differentent"
"788","visible"
"789","though"
"790","various"
"791","visual"
"792","arts"
"793","collect"
"794","promising"
"795","help"
"796","predict"
"797","lehrer"
"798","schauble2006"
"799","overall"
"800","sparks"
"801","anchors"
"802","want"
"803","adaptable"
"804","represent"
"805","emerge"
"806","accurate"
"807","inaccurate"
"808","critiqued"
"809","collective"
"810","key"
"811","lpp"
"812","system"
"813","1"
"814","augmented"
"815","vision"
"816","record"
"817","display"
"818","location"
"819","2"
"820","translate"
"821","motion"
"822","physics"
"823","engine"
"824","sensing"
"825","commercially"
"826","available"
"827","track"
"828","pattern"
"829","technology"
"830","kato2006"
"831","inexpensive"
"832","virtual"
"833","12"
"834","x"
"835","carpet"
"836","front"
"837","instantly"
"838","imported"
"839","microworld"
"840","force"
"841","simulation"
"842","animation"
"843","combine"
"844","symbolic"
"845","marked"
"846","embodied"
"847","net"
"848","gamelike"
"849","6<U+2013>8"
"850","year"
"851","interrogate"
"852","roseberyetal2005"
"853","participatory"
"854","danish2009"
"855","skits"
"856","enact"
"857","leverage"
"858","kind"
"859","engagement"
"860","seen"
"861","colella2000"
"862","trying"
"863","desired"
"864","resultand"
"865","affect"
"866","type"
"867","explicit"
"868","rules"
"869","underlie"
"870","multi"
"871","faceted"
"872","aim"
"873","choice"
"874","change"
"875","water"
"876","single"
"877","garritz2012"
"878","newmanetal2004"
"879","characterized"
"880","progression"
"881","already"
"882","interacademy"
"883","partnerhip"
"884","iap2010p19"
"885","among"
"886","perspective"
"887","caamano2012"
"888","criadogarc<U+00ED>acarmona2011"
"889","harlen2014"
"890","score2013"
"891","therefore"
"892","hodson2014"
"893","exa"
"894","agree"
"895","ledermanetal2014"
"896","hypothesis"
"897","ii"
"898","iii"
"899","pose"
"900","iv"
"901","get"
"902","v"
"903","vi"
"904","must"
"905","vii"
"906","number"
"907","image"
"908","etc"
"909","viii"
"910","mentioned"
"911","even"
"912","tentative"
"913","three"
"914","distinguish"
"915","guisasolaetal2006"
"916","stating"
"917","yet"
"918","events"
"919","speculating"
"920","reasons"
"921","theorypredict"
"922","deductive"
"923","trueprocedural"
"924","measurement"
"925","procedural"
"926","measurementment"
"927","indicate"
"928","procedure"
"929","obtain"
"930","beforehand"
"931","either"
"932","acquisition"
"933","organization"
"934","area"
"935","menmuiradams1997process"
"936","inconjunction"
"937","mathematical"
"938","epstein2007"
"939","french2004"
"940","gerdeetal2013"
"941","menmuiradams1997"
"942","afford"
"943","fascination"
"944","rich"
"945","just"
"946","static"
"947","prescribed"
"948","big"
"949","gelmanbrenneman2012"
"950","wasserman2015"
"951","gelmanetal2010"
"952","greenfieldetal2009"
"953","inanetal2010"
"954","apply"
"955","gelmanbrenneman2004"
"956","math"
"957","linking"
"958","extant"
"959","bjorklund2011"
"960","paper"
"961","case"
"962","implemented"
"963","forensic"
"964","fouryear"
"965","participant"
"966","platform"
"967","prepare"
"968","hackling2007"
"969","manipulation"
"970","gain"
"971","heart"
"972","crawford2009"
"973","excitement"
"974","crawford2007"
"975","appears"
"976","hackling2005"
"977","hedges2000"
"978","acknowledge"
"979","agents"
"980","hedges2000p18"
"981","issues"
"982","select"
"983","samarapungavanetal2008"
"984","commented"
"985","universal"
"986","novices"
"987","p903"
"988","lacking"
"989","discipline"
"990","discourse"
"991","assisting"
"992","better"
"993","outcome"
"994","examine"
"995","kindergarten"
"996","monarch"
"997","butterfly"
"998","successl"
"999","revise"
"1000","portfolios"
"1001","peterson"
"1002","french2008"
"1003","week"
"1004","colour"
"1005","mixing"
"1006","investigators"
"1007","dynamic"
"1008","demonstrate"
"1009","literate"
"1010","curious"
"1011","surround"
"1012","concrete"
"1013","harlenqualter2004"
"1014","cepnietal2006"
"1015","divided"
"1016","causal"
"1017","since"
"1018","birth"
"1019","estimation"
"1020","howejones1998"
"1021","checking"
"1022","advance"
"1023","lind2000"
"1024","kefietal2013"
"1025","without"
"1026","sip"
"1027","basis"
"1028","correspondence"
"1029","hacking19921995"
"1030","map"
"1031","laboratory"
"1032","subjecting"
"1033","systematic"
"1034","bottomup"
"1035","entity"
"1036","internal"
"1037","hackings"
"1038","psillos"
"1039","tselfes"
"1040","kariotoglou2004"
"1041","peters2006"
"1042","improve"
"1043","hogan2000"
"1044","hoganmaglienti2001"
"1045","deboo2000"
"1046","lind1999"
"1047","novak1977"
"1048","overwhelmingly"
"1049","nses"
"1050","american"
"1051","council1996"
"1052","bredekampcopple1997"
"1053","act"
"1054","techniques"
"1055","coordination"
"1056","rely"
"1057","tend"
"1058","mind"
"1059","speak"
"1060","emphasize"
"1061","eshachfried2005"
"1062","harlen1996"
"1063","lind"
"1064","previous"
"1065","nses1996"
"1066","whose"
"1067","fleer1993"
"1068","depth"
"1069","bredekampcople1997"
"1070","hacking1992"
"1071","psillosetal2004"
"1072","occurs"
"1073","bridge"
"1074","current"
"1075","rogoff1990"
"1076","vygotsky1978"
"1077","ermeling2010"
"1078","inquisitiveness"
"1079","edwardsetal2011"
"1080","impact"
"1081","let"
"1082","give"
"1083","seven"
"1084","four"
"1085","3"
"1086","4"
"1087","conjunction"
"1088","multiday"
"1089","lens"
"1090","beyond"
"1091","p21"
"1092","assert"
"1093","p2"
"1094","eickreed2002"
"1095","bianchinicolburn2000"
"1096","lambert2007"
"1097","judge"
"1098","p389"
"1099","nrc1996"
"1100","bodzinbeerer2003"
"1101","rubric"
"1102","stir"
"1103","rate"
"1104","six"
"1105","prospective"
"1106","windschitl2003"
"1107","cookbook"
"1108","verify"
"1109","unknow"
"1110","p114"
"1111","sensemake"
"1112","hand"
"1113","theorypromote"
"1114","standard"
"1115","matching"
"1116","along"
"1117","trundlesackes2012"
"1118","appleton2008"
"1119","unproduct"
"1120","low"
"1121","selfregulation"
"1122","capacities"
"1123","persistent"
"1124","misconcept"
"1125","traditional"
"1126","fail"
"1127","restructure"
"1128","duittreagust2003"
"1129","holliday2006"
"1130","intended"
"1131","feature"
"1132","target"
"1133","b"
"1134","threephase"
"1135","responsibility"
"1136","sensitive"
"1137","ensure"
"1138","float"
"1139","sink"
"1140","usually"
"1141","salient"
"1142","weight"
"1143","size"
"1144","theoryand"
"1145","properties"
"1146","samematerial"
"1147","verbal"
"1148","nonverbal"
"1149","invitation"
"1150","namygentner2002"
"1151","stimulate"
"1152","expectations"
"1153","justify"
"1154","bybee2006"
"1155","molleretal2012"
"1156","wisersmith2008"
"1157","plastic"
"1158","adjective"
"1159","shininess"
"1160","lightness"
"1161","p209"
"1162","grammatical"
"1163","oppose"
"1164","cup"
"1165","attention"
"1166","detect"
"1167","appear"
"1168","concern"
"1169","solid"
"1170","put"
"1171","problembased"
"1172","hmelosilver2006authentic"
"1173","pintrich"
"1174","marxboyle1993"
"1175","mayerwittrock2006"
"1176","linneylon2006"
"1177","contextual"
"1178","avoid"
"1179","phasebyphase"
"1180","unable"
"1181","fruitful"
"1182","leave"
"1183","organize"
"1184","schiefelepekrun1996"
"1185","indeed"
"1186","selfreliant"
"1187","hiemstra2000"
"1188","bscs"
"1189","motivation"
"1190","groupconcern"
"1191","capability"
"1192","coneziofrench2002"
"1193","executive"
"1194","garon"
"1195","brysonsmith2008"
"1196","operation"
"1197","fading"
"1198","aids"
"1199","carrying"
"1200","lepperetal1997"
"1201","kuhn2009"
"1202","mistake"
"1203","kloosvanorden2005"
"1204","experiential"
"1205","oversimplified"
"1206","breunig2008"
"1207","roberts2011"
"1208","founders"
"1209","belief"
"1210","isolation"
"1211","local"
"1212","outofclassroom"
"1213","embraces"
"1214","transdisciplinary"
"1215","recreate"
"1216","commonplace"
"1217","reference"
"1218","hands"
"1219","trips"
"1220","internships"
"1221","studentdirect"
"1222","breunig2017"
"1223","gordon2009"
"1224","savery2006"
"1225","forward"
"1226","ontarioministryofeducation2013"
"1227","possessing"
"1228","capable"
"1229","fielding2012"
"1230","classroombased"
"1231","studentcenter"
"1232","knowledgepossessing"
"1233","breunig2013"
"1234","greifetal2006"
"1235","hold"
"1236","novel"
"1237","animals"
"1238","inanimate"
"1239","artifact"
"1240","mobile"
"1241","arguably"
"1242","awareness"
"1243","living<U+2013>nonliving"
"1244","member"
"1245","food"
"1246","backscheideretal1993"
"1247","inagakihatano2002"
"1248","keil1992"
"1249","opfergelman2001"
"1250","opfersiegler2004"
"1251","correct"
"1252","living"
"1253","nonliving"
"1254","immobile"
"1255","alive"
"1256","contrast"
"1257","encounter"
"1258","word"
"1259","carey1985"
"1260","hatanoetal1993"
"1261","meuniercordier2004"
"1262","richardssiegler1984"
"1263","waxman2005"
"1264","primarily"
"1265","datause"
"1266","computational"
"1267","claim"
"1268","less"
"1269","fulp2002"
"1270","trygstadetal2013"
"1271","interface"
"1272","immersion"
"1273","strategically"
"1274","c"
"1275","entwining"
"1276","toplevel"
"1277","subgoal"
"1278","delight"
"1279","illstructure"
"1280","albeit"
"1281","top"
"1282","assessment"
"1283","mayr1997"
"1284","unexplain"
"1285","irregularity"
"1286","anomaly"
"1287","puzzle"
"1288","conjecture"
"1289","thereof"
"1290","carefull"
"1291","happens"
"1292","driveretal"
"1293","strong"
"1294","na<U+00EF>ve"
"1295","realism"
"1296","p141"
"1297","secondary"
"1298","manifest"
"1299","subsequent"
"1300","away"
"1301","phenomenology"
"1302","variables"
"1303","driveretals"
"1304","finer"
"1305","grain"
"1306","vestiges"
"1307","observable"
"1308","takeforgranted"
"1309","p115"
"1310","onetoone"
"1311","factor"
"1312","minority"
"1313","16years"
"1314","exhibited"
"1315","provisional"
"1316","status"
"1317","coherent"
"1318","posited"
"1319","imagination"
"1320","lehrerschauble2000"
"1321","syntactic"
"1322","ana"
"1323","hypotheticaldeductive"
"1324","adequacy"
"1325","instrument"
"1326","address"
"1327","policy"
"1328","situate"
"1329","trend"
"1330","recent"
"1331","osborne2014"
"1332","osborne"
"1333","commitment"
"1334","reform"
"1335","aligned"
"1336","adopting"
"1337","core"
"1338","exemplified"
"1339","ngss"
"1340","nrc2012"
"1341","examination"
"1342","7"
"1343","evidenceexplanation"
"1344","ee"
"1345","continuum"
"1346","ascertain"
"1347","propose"
"1348","duschl"
"1349","outeach"
"1350","se"
"1351","transitions"
"1352","counts"
"1353","claimelecting"
"1354","discursive"
"1355","talk"
"1356","second"
"1357","potential"
"1358","disconfirm"
"1359","day"
"1360","fiction"
"1361","nonfiction"
"1362","book"
"1363","encouraged"
"1364","wrap"
"1365","onto"
"1366","chart"
"1367","sociocognitive"
"1368","resembling"
"1369","reconstruct"
"1370","theorywithin"
"1371","gottduggan1995"
"1372","etkinavanheuvelen2007"
"1373","blumniss1991"
"1374","erickson1999"
"1375","lubienski1999"
"1376","constantinou1999"
"1377","english2003"
"1378","leshlehrer2003"
"1379","loucazacharia2012"
"1380","nuanced"
"1381","generic"
"1382","cpd"
"1383","impose"
"1384","researching"
"1385","earlyetal2005"
"1386","laparoetal2004"
"1387","zechetal2000"
"1388","originated"
"1389","enough"
"1390","theorythis"
"1391","student<U+2019>"
"1392","slp"
"1393","panel"
"1394","experts"
"1395","grandy2008these"
"1396","validation"
"1397","sociocultural"
"1398","norm"
"1399","scholars"
"1400","regulation"
"1401","posit"
"1402","unique"
"1403","chinnsamarapungavan2008"
"1404","suppes19601962"
"1405","woodward1989"
"1406","certain"
"1407","vocabulary"
"1408","theorylaws"
"1409","ongoing"
"1410","utility"
"1411","history"
"1412","philosophy"
"1413","cartwright19831999"
"1414","giere1988kuhn1962"
"1415","laudan1990"
"1416","publications"
"1417","premise"
"1418","spaces"
"1419","conventions"
"1420","criterion"
"1421","samarapungavanetal20082009"
"1422","preinquiry"
"1423","everyday"
"1424","post"
"1425","presentations"
"1426","dialectical"
"1427","sections"
"1428","human"
"1429","existence"
"1430","interactants"
"1431","dialoaic"
"1432","ash2004"
"1433","gallas1995"
"1434","lemke1990"
"1435","depict"
"1436","engestrommiettinen1999p9"
"1437","pertain"
"1438","go"
"1439","pouring"
"1440","volume"
"1441","feeds"
"1442","goal<U+2013>orient"
"1443","sciencerelate"
"1444","quality"
"1445","standardized"
"1446","ore"
"1447","stablished"
"1448","contrary"
"1449","precede"
"1450","atthe"
"1451","origin"
"1452","canonical"
"1453","schliebenlange1987"
"1454","institutional"
"1455","rooted"
"1456","configuring"
"1457","pekarekdoehlerziegler2007p85"
"1458","consequently"
"1459","informal"
"1460","reveal"
"1461","unfolding"
"1462","energy"
"1463","lijnse1990"
"1464","trumper1990"
"1465","vanhooketal2005"
"1466","vanhookhuziakclark2007b"
"1467","air"
"1468","magnetism"
"1469","succinct"
"1470","phrase"
"1471","hooks"
"1472","capture"
"1473","multisensory"
"1474","ripe"
"1475","aid"
"1476","abstract"
"1477","kinesthetic"
"1478","songs"
"1479","remember"
"1480","intensely"
"1481","brief"
"1482","lift"
"1483","squeeze"
"1484","stretch"
"1485","twist"
"1486","devolve"
"1487","lecture"
"1488","flourish"
"1489","figure"
"1490","helmkatz2011"
"1491","ideally"
"1492","initiate"
"1493","due"
"1494","constraints"
"1495","mini"
"1496","rain"
"1497","weather"
"1498","extract"
"1499","afterwards"
"1500","returned"
"1501","indepth"
"1502","twoweek"
"1503","span"
"1504","performed"
"1505","referenced"
"1506","showcase"
"1507","culminating"
"1508","experiencepeters2006"
"1509","rop2002"
"1510","<U+2013>"
"1511","receptive"
"1512","outpouring"
"1513","parents"
"1514","ambivalent"
"1515","childs"
"1516","contradictory"
"1517","feelings"
"1518","honour"
"1519","struggle"
"1520","weighed"
"1521","seemingly"
"1522","incompatible"
"1523","maximize"
"1524","cover"
"1525","compassionate"
"1526","annoying"
"1527","going"
"1528","impediment"
"1529","overbearing"
"1530","patience"
"1531","arrive"
"1532","received"
"1533","common"
"1534","wisdom"
"1535","rapid"
"1536","succession"
"1537","exhorting"
"1538","power"
"1539","attitudes"
"1540","discouraged"
"1541","nursery"
"1542","micropolitics"
"1543","pedrosadejesusetal2012"
"1544","illustrates"
"1545","contextensitive"
"1546","occasion"
"1547","brezillon20032005"
"1548","intellectual"
"1549","caudron2000p55"
"1550","positive"
"1551","usual"
"1552","prime"
"1553","arepositive"
"1554","numerous"
"1555","dismissed"
"1556","welcomed"
"1557","answerable"
"1558","wattspedrosadejesus2006"
"1559","mode"
"1560","resolution"
"1561","investigable"
"1562","chinkayalvizhi2002"
"1563","graessermcmahen1993"
"1564","ingredients"
"1565","questionask"
"1566","transgressive"
"1567","third"
"1568","tack"
"1569","vastly"
"1570","powerfull"
"1571","entailed"
"1572","arnold2009"
"1573","full"
"1574","remaining"
"1575","spring"
"1576","odd"
"1577","passing"
"1578","techno"
"1579","occurrence"
"1580","tv"
"1581","advert"
"1582","pets"
"1583","habits"
"1584","sporting"
"1585","obsession"
"1586","hobbies"
"1587","disequilibrium"
"1588","wattspedrosadejesus2010"
"1589","clash"
"1590","overlay"
"1591","wattsalsop1995in"
"1592","precurser"
"1593","acceleration"
"1594","dissonance"
"1595","mccormacketal2014"
"1596","said"
"1597","chinkayalvizhi2005"
"1598","thorntonbruton2015"
"1599","earlyyear"
"1600","reggioemilio"
"1601","theoryabout"
"1602","opinions"
"1603","stands"
"1604","paved"
"1605","playground"
"1606","heavy"
"1607","spate"
"1608","respect"
"1609","seriously"
"1610","unafraid"
"1611","idea2015p17"
"1612","intervenes"
"1613","predetermined"
"1614","theoryput"
"1615","expertise"
"1616","p86"
"1617","useful"
"1618","furnished"
"1619","mathematicalal"
"1620","kennedy2009"
"1621","nctm2000"
"1622","positively"
"1623","future"
"1624","conflict"
"1625","scenarios"
"1626","meaningl"
"1627","nrc2000"
"1628","richards1991"
"1629","yackeletal1990"
"1630","participative"
"1631","comprehend"
"1632","saw"
"1633","andor"
"1634","heard"
"1635","short"
"1636","autonomy"
"1637","firsthand"
"1638","offers"
"1639","abundant"
"1640","kids"
"1641","highlevel"
"1642","enthusiastic"
"1643","thinker"
"1644","accepting"
"1645","ultimate"
"1646","rationale"
"1647","nrc1996nrc2012"
"1648","bybee1997"
"1649","orgillthomas2007"
"1650","liferelate"
"1651","changwu2015"
"1652","try"
"1653","error"
"1654","attempts"
"1655","problemolving"
"1656","constructs"
"1657","problematic"
"1658","osterman1998p4"
"1659","past"
"1660","precept"
"1661","constructivity"
"1662","manipulatives"
"1663","dieness1973"
"1664","36"
"1665","merged"
"1666","symbolization"
"1667","fourstage"
"1668","exercising"
"1669","brain"
"1670","choosing"
"1671","executing"
"1672","cause"
